code,source,is_dup
ABF-061,E盘日本骑兵.txt,0
ABF-074,E盘日本骑兵.txt,0
ABF-101,E盘日本骑兵.txt,0
ABF-225,F盘日本骑兵.txt,0
ABF-238,F盘日本骑兵.txt,0
ABF-279,115网盘数据.txt,0
ABF-308,115网盘数据.txt,0
ABP-192,E盘日本骑兵.txt,0
ABP-340,E盘日本骑兵.txt,0
ABP-353,E盘日本骑兵.txt,0
ABP-408,E盘日本骑兵.txt,0
ABP-466,E盘日本骑兵.txt,0
ABP-536,F盘日本骑兵.txt,0
ABP-546,F盘日本骑兵.txt,0
ABP-639,E盘日本骑兵.txt,0
ABP-744,E盘日本骑兵.txt,0
ABP-996,E盘日本骑兵.txt,0
ABW-007,E盘日本骑兵.txt,0
ABW-019,E盘日本骑兵.txt,0
ABW-035,E盘日本骑兵.txt,0
ABW-068,E盘日本骑兵.txt,0
ABW-108,E盘日本骑兵.txt,0
ABW-120,E盘日本骑兵.txt,0
ABW-157,E盘日本骑兵.txt,0
ABW-202,E盘日本骑兵.txt,0
ABW-239,E盘日本骑兵.txt,0
ABW-248,E盘日本骑兵.txt,0
ABW-249,E盘日本骑兵.txt,0
ABW-257,E盘日本骑兵.txt,0
ABW-271,E盘日本骑兵.txt,0
ABW-280,E盘日本骑兵.txt,0
ABW-285,F盘日本骑兵.txt,0
ABW-325,E盘日本骑兵.txt,0
ABW-331,E盘日本骑兵.txt,0
ABW-361,E盘日本骑兵.txt,0
ACC-001,F盘日本骑兵.txt,0
ACC-002,F盘日本骑兵.txt,0
ACC-003,F盘日本骑兵.txt,0
ACC-004,F盘日本骑兵.txt,0
ACC-005,F盘日本骑兵.txt,0
ACC-006,F盘日本骑兵.txt,0
ACHJ-005,E盘日本骑兵.txt,0
ACHJ-012,E盘日本骑兵.txt,0
ACHJ-019,E盘日本骑兵.txt,0
ACHJ-024,E盘日本骑兵.txt,0
ACHJ-076,115网盘数据.txt,0
ACME-003,E盘日本骑兵.txt,0
ACZ-009,F盘日本骑兵.txt,0
ACZ-112,F盘日本骑兵.txt,0
ACZD-179,F盘日本骑兵.txt,0
ADN-265,E盘日本骑兵.txt,0
ADN-308,F盘日本骑兵.txt,0
ADN-334,E盘日本骑兵.txt,0
ADN-369,F盘日本骑兵.txt,0
ADN-388,F盘日本骑兵.txt,0
ADN-396,F盘日本骑兵.txt,0
ADN-403,E盘日本骑兵.txt,0
ADN-413,E盘日本骑兵.txt,0
ADN-417,E盘日本骑兵.txt,0
ADN-425,F盘日本骑兵.txt,0
ADN-432,E盘日本骑兵.txt,0
ADN-447,E盘日本骑兵.txt,0
ADN-499,"E盘日本骑兵.txt, F盘日本骑兵.txt",1
ADN-507,E盘日本骑兵.txt,0
ADN-520,E盘日本骑兵.txt,0
ADN-535,E盘日本骑兵.txt,0
ADN-539,F盘日本骑兵.txt,0
ADN-551,"E盘日本骑兵.txt, F盘日本骑兵.txt",1
ADN-569,F盘日本骑兵.txt,0
ADN-571,F盘日本骑兵.txt,0
ADN-586,F盘日本骑兵.txt,0
ADN-597,F盘日本骑兵.txt,0
ADN-610,F盘日本骑兵.txt,0
ADN-619,F盘日本骑兵.txt,0
ADN-639,F盘日本骑兵.txt,0
ADN-649,E盘日本骑兵.txt,0
ADN-657,F盘日本骑兵.txt,0
ADN-686,F盘日本骑兵.txt,0
ADN-690,F盘日本骑兵.txt,0
ADN-712,F盘日本骑兵.txt,0
ADN-719,F盘日本骑兵.txt,0
ADN-732,115网盘数据.txt,0
ADN-738,115网盘数据.txt,0
ADN-747,115网盘数据.txt,0
AES-002,E盘日本骑兵.txt,0
AGAV-106,E盘日本骑兵.txt,0
AGAV-130,F盘日本骑兵.txt,0
AGAV-149,115网盘数据.txt,0
AGAV-153,115网盘数据.txt,0
AGMX-242,115网盘数据.txt,0
AIAV-006,F盘日本骑兵.txt,0
AKDL-099,E盘日本骑兵.txt,0
AKDL-220,F盘日本骑兵.txt,0
AKDL-252,F盘日本骑兵.txt,0
AKDL-342,115网盘数据.txt,0
AKDL-349,115网盘数据.txt,0
AKIB-015,E盘日本骑兵.txt,0
ALDN-005,E盘日本骑兵.txt,0
ALDN-029,E盘日本骑兵.txt,0
ALDN-034,E盘日本骑兵.txt,0
ALDN-037,E盘日本骑兵.txt,0
ALDN-043,E盘日本骑兵.txt,0
ALDN-067,E盘日本骑兵.txt,0
ALDN-074,E盘日本骑兵.txt,0
ALDN-079,E盘日本骑兵.txt,0
ALDN-086,E盘日本骑兵.txt,0
ALDN-097,E盘日本骑兵.txt,0
ALDN-103,E盘日本骑兵.txt,0
ALDN-107,E盘日本骑兵.txt,0
ALDN-120,E盘日本骑兵.txt,0
ALDN-151,E盘日本骑兵.txt,0
ALDN-162,E盘日本骑兵.txt,0
ALDN-165,E盘日本骑兵.txt,0
ALDN-177,E盘日本骑兵.txt,0
ALDN-188,E盘日本骑兵.txt,0
ALDN-196,E盘日本骑兵.txt,0
ALDN-197,E盘日本骑兵.txt,0
ALDN-198,E盘日本骑兵.txt,0
ALDN-202,E盘日本骑兵.txt,0
ALDN-203,E盘日本骑兵.txt,0
ALDN-206,F盘日本骑兵.txt,0
ALDN-208,E盘日本骑兵.txt,0
ALDN-213,F盘日本骑兵.txt,0
ALDN-220,E盘日本骑兵.txt,0
ALDN-226,E盘日本骑兵.txt,0
ALDN-234,E盘日本骑兵.txt,0
ALDN-235,E盘日本骑兵.txt,0
ALDN-245,E盘日本骑兵.txt,0
ALDN-248,E盘日本骑兵.txt,0
ALDN-253,E盘日本骑兵.txt,0
ALDN-255,E盘日本骑兵.txt,0
ALDN-260,E盘日本骑兵.txt,0
ALDN-265,E盘日本骑兵.txt,0
ALDN-270,E盘日本骑兵.txt,0
ALDN-272,E盘日本骑兵.txt,0
ALDN-285,E盘日本骑兵.txt,0
ALDN-297,E盘日本骑兵.txt,0
ALDN-299,E盘日本骑兵.txt,0
ALDN-300,E盘日本骑兵.txt,0
ALDN-314,E盘日本骑兵.txt,0
ALDN-321,F盘日本骑兵.txt,0
ALDN-338,F盘日本骑兵.txt,0
ALDN-340,F盘日本骑兵.txt,0
ALDN-341,F盘日本骑兵.txt,0
ALDN-348,F盘日本骑兵.txt,0
ALDN-355,F盘日本骑兵.txt,0
ALDN-357,F盘日本骑兵.txt,0
ALDN-358,F盘日本骑兵.txt,0
ALDN-360,F盘日本骑兵.txt,0
ALDN-367,F盘日本骑兵.txt,0
ALDN-370,F盘日本骑兵.txt,0
ALDN-403,F盘日本骑兵.txt,0
ALDN-412,F盘日本骑兵.txt,0
ALDN-445,F盘日本骑兵.txt,0
ALDN-480,F盘日本骑兵.txt,0
ALDN-482,F盘日本骑兵.txt,0
ALDN-506,115网盘数据.txt,0
ALDN-516,115网盘数据.txt,0
ALDN-519,115网盘数据.txt,0
ALDN-546,115网盘数据.txt,0
ALDN-550,115网盘数据.txt,0
ANKK-001,E盘日本骑兵.txt,0
ANKK-003,E盘日本骑兵.txt,0
ANKK-006,E盘日本骑兵.txt,0
ANKK-007,E盘日本骑兵.txt,0
ANKK-008,E盘日本骑兵.txt,0
ANKK-009,E盘日本骑兵.txt,0
ANKK-013,E盘日本骑兵.txt,0
ANKK-014,E盘日本骑兵.txt,0
ANKK-015,E盘日本骑兵.txt,0
ANKK-016,E盘日本骑兵.txt,0
ANKK-018,E盘日本骑兵.txt,0
ANKK-020,E盘日本骑兵.txt,0
ANKK-021,E盘日本骑兵.txt,0
ANKK-022,E盘日本骑兵.txt,0
ANKK-024,E盘日本骑兵.txt,0
ANKK-025,E盘日本骑兵.txt,0
ANKK-028,E盘日本骑兵.txt,0
ANKK-032,E盘日本骑兵.txt,0
ANKK-034,E盘日本骑兵.txt,0
ANKK-035,E盘日本骑兵.txt,0
ANKK-036,E盘日本骑兵.txt,0
ANKK-041,E盘日本骑兵.txt,0
ANKK-044,E盘日本骑兵.txt,0
ANKK-045,E盘日本骑兵.txt,0
ANKK-049,E盘日本骑兵.txt,0
ANKK-053,E盘日本骑兵.txt,0
ANKK-055,E盘日本骑兵.txt,0
ANKK-056,E盘日本骑兵.txt,0
ANKK-058,E盘日本骑兵.txt,0
AOZ-239,F盘日本骑兵.txt,0
AOZ-244,E盘日本骑兵.txt,0
AOZ-295,E盘日本骑兵.txt,0
AOZ-310,E盘日本骑兵.txt,0
AOZ-324,F盘日本骑兵.txt,0
AP-238,F盘日本骑兵.txt,0
AP-300,F盘日本骑兵.txt,0
AP-423,F盘日本骑兵.txt,0
AP-424,F盘日本骑兵.txt,0
AP-444,F盘日本骑兵.txt,0
AP-602,F盘日本骑兵.txt,0
AP-679,E盘日本骑兵.txt,0
AP-747,F盘日本骑兵.txt,0
APNS-096,E盘日本骑兵.txt,0
APNS-099,F盘日本骑兵.txt,0
APNS-235,E盘日本骑兵.txt,0
ATFB-323,F盘日本骑兵.txt,0
ATFB-342,F盘日本骑兵.txt,0
ATFB-347,F盘日本骑兵.txt,0
ATID-273,E盘日本骑兵.txt,0
ATID-299,E盘日本骑兵.txt,0
ATID-306,E盘日本骑兵.txt,0
ATID-315,E盘日本骑兵.txt,0
ATID-327,E盘日本骑兵.txt,0
ATID-329,E盘日本骑兵.txt,0
ATID-331,E盘日本骑兵.txt,0
ATID-339,E盘日本骑兵.txt,0
ATID-347,E盘日本骑兵.txt,0
ATID-352,E盘日本骑兵.txt,0
ATID-362,E盘日本骑兵.txt,0
ATID-366,E盘日本骑兵.txt,0
ATID-376,E盘日本骑兵.txt,0
ATID-397,E盘日本骑兵.txt,0
ATID-433,E盘日本骑兵.txt,0
ATID-444,E盘日本骑兵.txt,0
ATID-450,F盘日本骑兵.txt,0
ATID-454,E盘日本骑兵.txt,0
ATID-459,F盘日本骑兵.txt,0
ATID-470,F盘日本骑兵.txt,0
ATID-492,E盘日本骑兵.txt,0
ATID-561,E盘日本骑兵.txt,0
ATID-563,F盘日本骑兵.txt,0
ATID-566,E盘日本骑兵.txt,0
ATID-573,E盘日本骑兵.txt,0
ATID-590,E盘日本骑兵.txt,0
ATID-613,F盘日本骑兵.txt,0
ATID-637,F盘日本骑兵.txt,0
ATID-650,115网盘数据.txt,0
AVOP-059,F盘日本骑兵.txt,0
AVOP-072,E盘日本骑兵.txt,0
AVOP-237,E盘日本骑兵.txt,0
AVOP-249,F盘日本骑兵.txt,0
AVOP-331,F盘日本骑兵.txt,0
AVOP-416,E盘日本骑兵.txt,0
AVSA-096,E盘日本骑兵.txt,0
AVSA-155,E盘日本骑兵.txt,0
AVSA-182,E盘日本骑兵.txt,0
AVSA-211,E盘日本骑兵.txt,0
AVSA-258,E盘日本骑兵.txt,0
AVSA-269,E盘日本骑兵.txt,0
AVSA-271,E盘日本骑兵.txt,0
AVSA-272,E盘日本骑兵.txt,0
AVSA-291,E盘日本骑兵.txt,0
AVSA-295,F盘日本骑兵.txt,0
AVSA-303,E盘日本骑兵.txt,0
AVSA-309,E盘日本骑兵.txt,0
AVSA-310,E盘日本骑兵.txt,0
AVSA-318,F盘日本骑兵.txt,0
AVSA-328,F盘日本骑兵.txt,0
AVSA-336,F盘日本骑兵.txt,0
AVSA-352,F盘日本骑兵.txt,0
AVSA-356,F盘日本骑兵.txt,0
AVSA-359,F盘日本骑兵.txt,0
AVSA-377,F盘日本骑兵.txt,0
AVSA-389,F盘日本骑兵.txt,0
AVSA-402,115网盘数据.txt,0
AVSA-412,115网盘数据.txt,0
AWS-007,F盘日本骑兵.txt,0
AWT-062,F盘日本骑兵.txt,0
AWT-077,E盘日本骑兵.txt,0
BBAN-036,F盘日本骑兵.txt,0
BBAN-495,F盘日本骑兵.txt,0
BBI-149,F盘日本骑兵.txt,0
BBI-152,F盘日本骑兵.txt,0
BEAF-187,115网盘数据.txt,0
BEAF-191,115网盘数据.txt,0
BEB-016,E盘日本骑兵.txt,0
BEB-095,F盘日本骑兵.txt,0
BF-253,F盘日本骑兵.txt,0
BF-528,E盘日本骑兵.txt,0
BF-576,E盘日本骑兵.txt,0
BF-606,E盘日本骑兵.txt,0
BF-629,E盘日本骑兵.txt,0
BF-644,E盘日本骑兵.txt,0
BF-649,E盘日本骑兵.txt,0
BF-675,E盘日本骑兵.txt,0
BF-708,E盘日本骑兵.txt,0
BHSP-024,E盘日本骑兵.txt,0
BHSP-025,E盘日本骑兵.txt,0
BIG-099,E盘日本骑兵.txt,0
BIG-100,E盘日本骑兵.txt,0
BIJN-191,E盘日本骑兵.txt,0
BIJN-200,E盘日本骑兵.txt,0
BIJN-243,F盘日本骑兵.txt,0
BIJN-267,F盘日本骑兵.txt,0
BIJN-269,115网盘数据.txt,0
BIJN-273,F盘日本骑兵.txt,0
BKC-003,E盘日本骑兵.txt,0
BLK-490,E盘日本骑兵.txt,0
BLK-571,E盘日本骑兵.txt,0
BLK-633,E盘日本骑兵.txt,0
BLK-655,F盘日本骑兵.txt,0
BLOR-211,E盘日本骑兵.txt,0
BNSPS-333,F盘日本骑兵.txt,0
BNSPS-334,F盘日本骑兵.txt,0
BNSPS-335,F盘日本骑兵.txt,0
BNSPS-341,F盘日本骑兵.txt,0
BNSPS-363,F盘日本骑兵.txt,0
BNSPS-370,E盘日本骑兵.txt,0
BNSPS-373,F盘日本骑兵.txt,0
BNSPS-374,F盘日本骑兵.txt,0
BNSPS-398,F盘日本骑兵.txt,0
BNSPS-424,F盘日本骑兵.txt,0
BNSPS-431,F盘日本骑兵.txt,0
BNSPS-432,F盘日本骑兵.txt,0
BNST-031,E盘日本骑兵.txt,0
BNST-081,F盘日本骑兵.txt,0
BONY-054,E盘日本骑兵.txt,0
BONY-167,115网盘数据.txt,0
BOOBS-003,115网盘数据.txt,0
BSK-010,F盘日本骑兵.txt,0
BSK-012,F盘日本骑兵.txt,0
BSK-013,F盘日本骑兵.txt,0
CAWD-018,E盘日本骑兵.txt,0
CAWD-404,E盘日本骑兵.txt,0
CAWD-628,E盘日本骑兵.txt,0
CAWD-723,F盘日本骑兵.txt,0
CAWD-797,F盘日本骑兵.txt,0
CAWD-807,F盘日本骑兵.txt,0
CAWD-900,115网盘数据.txt,0
CAWD-906,115网盘数据.txt,0
CAWD-909,115网盘数据.txt,0
CCX-008,F盘日本骑兵.txt,0
CCX-009,F盘日本骑兵.txt,0
CCX-010,F盘日本骑兵.txt,0
CEAD-114,F盘日本骑兵.txt,0
CEAD-275,115网盘数据.txt,0
CEAD-707,115网盘数据.txt,0
CEFD-006,F盘日本骑兵.txt,0
CEMD-445,E盘日本骑兵.txt,0
CEMD-525,E盘日本骑兵.txt,0
CEMD-529,E盘日本骑兵.txt,0
CEMD-561,F盘日本骑兵.txt,0
CEMD-783,115网盘数据.txt,0
CESD-091,F盘日本骑兵.txt,0
CESD-101,E盘日本骑兵.txt,0
CESD-113,E盘日本骑兵.txt,0
CESD-122,F盘日本骑兵.txt,0
CESD-162,F盘日本骑兵.txt,0
CETD-026,E盘日本骑兵.txt,0
CJOD-205,F盘日本骑兵.txt,0
CJOD-232,F盘日本骑兵.txt,0
CJOD-249,F盘日本骑兵.txt,0
CJOD-302,E盘日本骑兵.txt,0
CJOD-370,E盘日本骑兵.txt,0
CJOD-409,F盘日本骑兵.txt,0
CJOD-413,F盘日本骑兵.txt,0
CLOT-004,E盘日本骑兵.txt,0
CLOT-006,E盘日本骑兵.txt,0
CLOT-010,E盘日本骑兵.txt,0
CLOT-011,E盘日本骑兵.txt,0
CLOT-012,E盘日本骑兵.txt,0
CLOT-013,E盘日本骑兵.txt,0
CLOT-016,F盘日本骑兵.txt,0
CLOT-020,E盘日本骑兵.txt,0
CLOT-023,E盘日本骑兵.txt,0
CLOT-024,E盘日本骑兵.txt,0
CLOT-025,F盘日本骑兵.txt,0
CLOT-026,E盘日本骑兵.txt,0
CLOT-027,F盘日本骑兵.txt,0
CLOT-029,F盘日本骑兵.txt,0
CLOT-030,F盘日本骑兵.txt,0
CLOT-032,F盘日本骑兵.txt,0
CLOT-033,F盘日本骑兵.txt,0
CLOT-034,115网盘数据.txt,0
CLOT-035,115网盘数据.txt,0
CLOT-037,115网盘数据.txt,0
CLOT-038,115网盘数据.txt,0
CLUB-167,E盘日本骑兵.txt,0
CLUB-287,F盘日本骑兵.txt,0
CLUB-454,E盘日本骑兵.txt,0
CLUB-456,F盘日本骑兵.txt,0
CLUB-460,E盘日本骑兵.txt,0
CLUB-461,F盘日本骑兵.txt,0
CLUB-468,E盘日本骑兵.txt,0
CLUB-475,F盘日本骑兵.txt,0
CLUB-481,F盘日本骑兵.txt,0
CLUB-488,E盘日本骑兵.txt,0
CLUB-489,F盘日本骑兵.txt,0
CLUB-496,F盘日本骑兵.txt,0
CLUB-506,E盘日本骑兵.txt,0
CLUB-509,F盘日本骑兵.txt,0
CLUB-526,F盘日本骑兵.txt,0
CLUB-541,E盘日本骑兵.txt,0
CLUB-542,E盘日本骑兵.txt,0
CLUB-552,E盘日本骑兵.txt,0
CLUB-556,E盘日本骑兵.txt,0
CLUB-561,E盘日本骑兵.txt,0
CLUB-573,E盘日本骑兵.txt,0
CLUB-575,E盘日本骑兵.txt,0
CLUB-576,E盘日本骑兵.txt,0
CLUB-579,F盘日本骑兵.txt,0
CLUB-582,E盘日本骑兵.txt,0
CLUB-583,E盘日本骑兵.txt,0
CLUB-602,F盘日本骑兵.txt,0
CLUB-605,E盘日本骑兵.txt,0
CLUB-606,E盘日本骑兵.txt,0
CLUB-609,E盘日本骑兵.txt,0
CLUB-613,E盘日本骑兵.txt,0
CLUB-617,E盘日本骑兵.txt,0
CLUB-621,E盘日本骑兵.txt,0
CLUB-624,E盘日本骑兵.txt,0
CLUB-626,E盘日本骑兵.txt,0
CLUB-628,E盘日本骑兵.txt,0
CLUB-637,E盘日本骑兵.txt,0
CLUB-643,E盘日本骑兵.txt,0
CLUB-647,E盘日本骑兵.txt,0
CLUB-650,E盘日本骑兵.txt,0
CLUB-652,E盘日本骑兵.txt,0
CLUB-654,E盘日本骑兵.txt,0
CLUB-657,E盘日本骑兵.txt,0
CLUB-658,E盘日本骑兵.txt,0
CLUB-660,E盘日本骑兵.txt,0
CLUB-665,E盘日本骑兵.txt,0
CLUB-667,E盘日本骑兵.txt,0
CLUB-669,E盘日本骑兵.txt,0
CLUB-671,E盘日本骑兵.txt,0
CLUB-672,E盘日本骑兵.txt,0
CLUB-673,E盘日本骑兵.txt,0
CLUB-674,E盘日本骑兵.txt,0
CLUB-675,F盘日本骑兵.txt,0
CLUB-679,E盘日本骑兵.txt,0
CLUB-684,E盘日本骑兵.txt,0
CLUB-685,E盘日本骑兵.txt,0
CLUB-688,E盘日本骑兵.txt,0
CLUB-691,115网盘数据.txt,0
CLUB-693,E盘日本骑兵.txt,0
CLUB-694,E盘日本骑兵.txt,0
CLUB-807,E盘日本骑兵.txt,0
CLUB-809,F盘日本骑兵.txt,0
CLUB-812,E盘日本骑兵.txt,0
CLUB-816,E盘日本骑兵.txt,0
CLUB-821,E盘日本骑兵.txt,0
CLUB-828,E盘日本骑兵.txt,0
CLUB-832,E盘日本骑兵.txt,0
CLUB-835,F盘日本骑兵.txt,0
CLUB-841,F盘日本骑兵.txt,0
CLUB-843,F盘日本骑兵.txt,0
CLUB-846,F盘日本骑兵.txt,0
CLUB-848,F盘日本骑兵.txt,0
CLUB-850,F盘日本骑兵.txt,0
CLUB-852,F盘日本骑兵.txt,0
CLUB-864,115网盘数据.txt,0
CLUB-878,F盘日本骑兵.txt,0
CLUB-884,115网盘数据.txt,0
CLUB-886,115网盘数据.txt,0
CLUB-901,115网盘数据.txt,0
CMC-256,E盘日本骑兵.txt,0
CPSN-003,E盘日本骑兵.txt,0
CPSN-004,E盘日本骑兵.txt,0
CPSN-005,E盘日本骑兵.txt,0
CPSN-009,E盘日本骑兵.txt,0
CPSN-010,E盘日本骑兵.txt,0
CPSN-011,E盘日本骑兵.txt,0
CRNX-067,E盘日本骑兵.txt,0
CRNX-106,E盘日本骑兵.txt,0
CRNX-133,E盘日本骑兵.txt,0
CRNX-232,F盘日本骑兵.txt,0
CWPBD-153,E盘日本骑兵.txt,0
CXD-017,115网盘数据.txt,0
DAM-024,E盘日本骑兵.txt,0
DAM-057,F盘日本骑兵.txt,0
DANDY-574,F盘日本骑兵.txt,0
DANDY-681,E盘日本骑兵.txt,0
DANDY-706,E盘日本骑兵.txt,0
DANDY-709,E盘日本骑兵.txt,0
DANDY-726,E盘日本骑兵.txt,0
DANDY-736,E盘日本骑兵.txt,0
DANDY-737,E盘日本骑兵.txt,0
DANDY-753,F盘日本骑兵.txt,0
DANDY-815,E盘日本骑兵.txt,0
DANDY-818,E盘日本骑兵.txt,0
DANDY-824,E盘日本骑兵.txt,0
DANDY-856,E盘日本骑兵.txt,0
DANDY-897,E盘日本骑兵.txt,0
DANDY-900,E盘日本骑兵.txt,0
DANDY-909,E盘日本骑兵.txt,0
DANDY-915,E盘日本骑兵.txt,0
DANDY-944,F盘日本骑兵.txt,0
DANDYA-017,115网盘数据.txt,0
DASD-521,F盘日本骑兵.txt,0
DASD-541,F盘日本骑兵.txt,0
DASD-599,F盘日本骑兵.txt,0
DASD-664,F盘日本骑兵.txt,0
DASD-732,E盘日本骑兵.txt,0
DASD-866,E盘日本骑兵.txt,0
DASD-875,F盘日本骑兵.txt,0
DASS-055,E盘日本骑兵.txt,0
DASS-057,E盘日本骑兵.txt,0
DASS-080,E盘日本骑兵.txt,0
DASS-092,E盘日本骑兵.txt,0
DASS-093,F盘日本骑兵.txt,0
DASS-099,F盘日本骑兵.txt,0
DASS-114,E盘日本骑兵.txt,0
DASS-126,E盘日本骑兵.txt,0
DASS-134,E盘日本骑兵.txt,0
DASS-148,E盘日本骑兵.txt,0
DASS-157,E盘日本骑兵.txt,0
DASS-159,F盘日本骑兵.txt,0
DASS-167,E盘日本骑兵.txt,0
DASS-168,E盘日本骑兵.txt,0
DASS-169,F盘日本骑兵.txt,0
DASS-170,E盘日本骑兵.txt,0
DASS-179,E盘日本骑兵.txt,0
DASS-183,F盘日本骑兵.txt,0
DASS-187,E盘日本骑兵.txt,0
DASS-215,E盘日本骑兵.txt,0
DASS-226,F盘日本骑兵.txt,0
DASS-231,"E盘日本骑兵.txt, F盘日本骑兵.txt",1
DASS-250,F盘日本骑兵.txt,0
DASS-265,E盘日本骑兵.txt,0
DASS-281,E盘日本骑兵.txt,0
DASS-304,E盘日本骑兵.txt,0
DASS-313,E盘日本骑兵.txt,0
DASS-326,E盘日本骑兵.txt,0
DASS-333,E盘日本骑兵.txt,0
DASS-336,E盘日本骑兵.txt,0
DASS-356,E盘日本骑兵.txt,0
DASS-357,E盘日本骑兵.txt,0
DASS-359,E盘日本骑兵.txt,0
DASS-367,E盘日本骑兵.txt,0
DASS-374,"E盘日本骑兵.txt, F盘日本骑兵.txt",1
DASS-386,E盘日本骑兵.txt,0
DASS-388,E盘日本骑兵.txt,0
DASS-395,F盘日本骑兵.txt,0
DASS-423,F盘日本骑兵.txt,0
DASS-424,E盘日本骑兵.txt,0
DASS-426,E盘日本骑兵.txt,0
DASS-430,F盘日本骑兵.txt,0
DASS-460,F盘日本骑兵.txt,0
DASS-488,E盘日本骑兵.txt,0
DASS-492,F盘日本骑兵.txt,0
DASS-497,F盘日本骑兵.txt,0
DASS-498,E盘日本骑兵.txt,0
DASS-502,F盘日本骑兵.txt,0
DASS-549,F盘日本骑兵.txt,0
DASS-566,115网盘数据.txt,0
DASS-626,115网盘数据.txt,0
DASS-630,F盘日本骑兵.txt,0
DASS-639,F盘日本骑兵.txt,0
DASS-640,F盘日本骑兵.txt,0
DASS-650,F盘日本骑兵.txt,0
DASS-695,F盘日本骑兵.txt,0
DASS-699,F盘日本骑兵.txt,0
DASS-704,F盘日本骑兵.txt,0
DASS-708,115网盘数据.txt,0
DASS-709,115网盘数据.txt,0
DASS-735,115网盘数据.txt,0
DASS-764,115网盘数据.txt,0
DASS-769,115网盘数据.txt,0
DASS-777,115网盘数据.txt,0
DASS-791,115网盘数据.txt,0
DASS-792,115网盘数据.txt,0
DASS-806,115网盘数据.txt,0
DASS-821,115网盘数据.txt,0
DASS-829,115网盘数据.txt,0
DAVK-064,E盘日本骑兵.txt,0
DAVK-086,E盘日本骑兵.txt,0
DAVK-090,115网盘数据.txt,0
DAVK-107,F盘日本骑兵.txt,0
DBER-094,E盘日本骑兵.txt,0
DBIK-003,F盘日本骑兵.txt,0
DBZC-001,F盘日本骑兵.txt,0
DCHA-003,E盘日本骑兵.txt,0
DCOL-052,F盘日本骑兵.txt,0
DCV-224,E盘日本骑兵.txt,0
DDFF-028,E盘日本骑兵.txt,0
DDHG-008,F盘日本骑兵.txt,0
DDHG-018,F盘日本骑兵.txt,0
DDKM-011,E盘日本骑兵.txt,0
DDNG-004,F盘日本骑兵.txt,0
DDOB-140,F盘日本骑兵.txt,0
DDSI-001,F盘日本骑兵.txt,0
DENJ-001,E盘日本骑兵.txt,0
DGCEMD-302,E盘日本骑兵.txt,0
DGCEMD-515,E盘日本骑兵.txt,0
DHJP-011,E盘日本骑兵.txt,0
DIC-083,E盘日本骑兵.txt,0
DJJJ-007,F盘日本骑兵.txt,0
DJJJ-008,F盘日本骑兵.txt,0
DJJJ-010,F盘日本骑兵.txt,0
DJJJ-012,E盘日本骑兵.txt,0
DJJJ-014,"E盘日本骑兵.txt, F盘日本骑兵.txt",1
DJJJ-015,F盘日本骑兵.txt,0
DKD-013,F盘日本骑兵.txt,0
DKDN-034,E盘日本骑兵.txt,0
DKWT-001,F盘日本骑兵.txt,0
DKWT-006,E盘日本骑兵.txt,0
DLDSS-020,E盘日本骑兵.txt,0
DLDSS-035,E盘日本骑兵.txt,0
DLDSS-040,E盘日本骑兵.txt,0
DLDSS-052,E盘日本骑兵.txt,0
DLDSS-057,F盘日本骑兵.txt,0
DLDSS-064,E盘日本骑兵.txt,0
DLDSS-078,E盘日本骑兵.txt,0
DLDSS-084,E盘日本骑兵.txt,0
DLDSS-114,E盘日本骑兵.txt,0
DLDSS-155,E盘日本骑兵.txt,0
DLDSS-164,E盘日本骑兵.txt,0
DLDSS-176,E盘日本骑兵.txt,0
DLDSS-178,E盘日本骑兵.txt,0
DLDSS-180,E盘日本骑兵.txt,0
DLDSS-184,E盘日本骑兵.txt,0
DLDSS-236,E盘日本骑兵.txt,0
DLDSS-246,"115网盘数据.txt, F盘日本骑兵.txt",1
DLDSS-260,"115网盘数据.txt, F盘日本骑兵.txt",1
DLDSS-265,E盘日本骑兵.txt,0
DLDSS-268,F盘日本骑兵.txt,0
DLDSS-277,E盘日本骑兵.txt,0
DLDSS-280,E盘日本骑兵.txt,0
DLDSS-300,F盘日本骑兵.txt,0
DLDSS-302,"115网盘数据.txt, F盘日本骑兵.txt",1
DLDSS-313,F盘日本骑兵.txt,0
DLDSS-321,F盘日本骑兵.txt,0
DLDSS-325,E盘日本骑兵.txt,0
DLDSS-346,F盘日本骑兵.txt,0
DLDSS-375,F盘日本骑兵.txt,0
DLDSS-390,F盘日本骑兵.txt,0
DLDSS-394,F盘日本骑兵.txt,0
DLDSS-399,F盘日本骑兵.txt,0
DLDSS-403,F盘日本骑兵.txt,0
DLDSS-408,F盘日本骑兵.txt,0
DLDSS-421,F盘日本骑兵.txt,0
DLDSS-424,115网盘数据.txt,0
DLDSS-432,115网盘数据.txt,0
DLDSS-451,115网盘数据.txt,0
DLDSS-452,115网盘数据.txt,0
DLDSS-456,115网盘数据.txt,0
DLDSS-457,115网盘数据.txt,0
DMOW-221,F盘日本骑兵.txt,0
DMOW-223,115网盘数据.txt,0
DMOW-224,115网盘数据.txt,0
DNJR-148,115网盘数据.txt,0
DNTR-002,F盘日本骑兵.txt,0
DOA-041,E盘日本骑兵.txt,0
DOCD-050,F盘日本骑兵.txt,0
DOCP-144,E盘日本骑兵.txt,0
DOCP-237,115网盘数据.txt,0
DOCP-244,E盘日本骑兵.txt,0
DOCP-265,E盘日本骑兵.txt,0
DOCP-286,E盘日本骑兵.txt,0
DOCP-345,E盘日本骑兵.txt,0
DOCS-095,F盘日本骑兵.txt,0
DOKS-522,E盘日本骑兵.txt,0
DOKS-534,E盘日本骑兵.txt,0
DOKS-539,E盘日本骑兵.txt,0
DOKS-570,E盘日本骑兵.txt,0
DOKS-577,E盘日本骑兵.txt,0
DOKS-597,E盘日本骑兵.txt,0
DOKS-615,F盘日本骑兵.txt,0
DOKS-630,F盘日本骑兵.txt,0
DPHN-104,E盘日本骑兵.txt,0
DPHN-108,E盘日本骑兵.txt,0
DPHN-115,F盘日本骑兵.txt,0
DPHN-126,E盘日本骑兵.txt,0
DPHN-127,E盘日本骑兵.txt,0
DPHN-128,E盘日本骑兵.txt,0
DPHN-131,E盘日本骑兵.txt,0
DPHN-142,E盘日本骑兵.txt,0
DPHN-148,E盘日本骑兵.txt,0
DPHN-157,E盘日本骑兵.txt,0
DPHN-173,E盘日本骑兵.txt,0
DPHN-177,E盘日本骑兵.txt,0
DPHN-179,E盘日本骑兵.txt,0
DPHN-180,E盘日本骑兵.txt,0
DPHN-181,E盘日本骑兵.txt,0
DPMI-00046,E盘日本骑兵.txt,0
DPMI-001,F盘日本骑兵.txt,0
DPMI-020,E盘日本骑兵.txt,0
DPMI-041,E盘日本骑兵.txt,0
DPMI-055,"115网盘数据.txt, E盘日本骑兵.txt",1
DPMI-065,E盘日本骑兵.txt,0
DPMI-067,E盘日本骑兵.txt,0
DRC-123,"E盘日本骑兵.txt, F盘日本骑兵.txt",1
DRPT-004,F盘日本骑兵.txt,0
DRPT-008,F盘日本骑兵.txt,0
DRPT-012,E盘日本骑兵.txt,0
DRPT-054,F盘日本骑兵.txt,0
DRPT-067,E盘日本骑兵.txt,0
DRPT-072,F盘日本骑兵.txt,0
DRPT-091,F盘日本骑兵.txt,0
DRPT-093,F盘日本骑兵.txt,0
DSJH-014,F盘日本骑兵.txt,0
DV-1452,E盘日本骑兵.txt,0
DV-1484,E盘日本骑兵.txt,0
DV-1574,F盘日本骑兵.txt,0
DV-1635,F盘日本骑兵.txt,0
DV-1666,F盘日本骑兵.txt,0
DVAJ-630,F盘日本骑兵.txt,0
DVAJ-631,E盘日本骑兵.txt,0
DVAJ-665,F盘日本骑兵.txt,0
DVAJ-684,F盘日本骑兵.txt,0
DVAJ-704,115网盘数据.txt,0
DVAJ-708,115网盘数据.txt,0
DVDES-463,E盘日本骑兵.txt,0
DVDES-638,F盘日本骑兵.txt,0
DVDES-644,F盘日本骑兵.txt,0
DVDES-769,F盘日本骑兵.txt,0
DVDES-809,F盘日本骑兵.txt,0
DVDES-829,F盘日本骑兵.txt,0
DVDES-831,F盘日本骑兵.txt,0
DVDES-929,F盘日本骑兵.txt,0
DVDMS-00273,E盘日本骑兵.txt,0
DVDMS-430,E盘日本骑兵.txt,0
DVDMS-490,E盘日本骑兵.txt,0
DVDMS-521,E盘日本骑兵.txt,0
DVDMS-562,E盘日本骑兵.txt,0
DVDMS-581,F盘日本骑兵.txt,0
DVDMS-582,E盘日本骑兵.txt,0
DVDMS-599,E盘日本骑兵.txt,0
DVDMS-623,E盘日本骑兵.txt,0
DVDMS-630,E盘日本骑兵.txt,0
DVDMS-638,E盘日本骑兵.txt,0
DVDMS-642,E盘日本骑兵.txt,0
DVDMS-660,E盘日本骑兵.txt,0
DVDMS-669,E盘日本骑兵.txt,0
DVDMS-671,E盘日本骑兵.txt,0
DVDMS-679,E盘日本骑兵.txt,0
DVDMS-683,E盘日本骑兵.txt,0
DVDMS-690,E盘日本骑兵.txt,0
DVDMS-715,E盘日本骑兵.txt,0
DVDMS-720,E盘日本骑兵.txt,0
DVDMS-728,E盘日本骑兵.txt,0
DVDMS-739,F盘日本骑兵.txt,0
DVDMS-744,E盘日本骑兵.txt,0
DVDMS-752,E盘日本骑兵.txt,0
DVDMS-763,E盘日本骑兵.txt,0
DVDMS-775,E盘日本骑兵.txt,0
DVDMS-777,E盘日本骑兵.txt,0
DVDMS-780,E盘日本骑兵.txt,0
DVDMS-784,E盘日本骑兵.txt,0
DVDMS-788,E盘日本骑兵.txt,0
DVDMS-789,E盘日本骑兵.txt,0
DVDMS-797,E盘日本骑兵.txt,0
DVDMS-800,E盘日本骑兵.txt,0
DVDMS-818,E盘日本骑兵.txt,0
DVDMS-841,E盘日本骑兵.txt,0
DVDMS-845,E盘日本骑兵.txt,0
DVDMS-853,E盘日本骑兵.txt,0
DVDMS-856,E盘日本骑兵.txt,0
DVDMS-879,E盘日本骑兵.txt,0
DVDMS-894,E盘日本骑兵.txt,0
DVDMS-912,E盘日本骑兵.txt,0
DVDMS-920,115网盘数据.txt,0
DVDMS-928,E盘日本骑兵.txt,0
DVDMS-935,E盘日本骑兵.txt,0
DVDMS-954,E盘日本骑兵.txt,0
DVDMS-971,E盘日本骑兵.txt,0
DVDMS-980,E盘日本骑兵.txt,0
DVDMS-995,E盘日本骑兵.txt,0
DVDMS-996,E盘日本骑兵.txt,0
DVEH-018,E盘日本骑兵.txt,0
DVEH-037,F盘日本骑兵.txt,0
DVEH-059,F盘日本骑兵.txt,0
DVEL-001,E盘日本骑兵.txt,0
DVMM-003,E盘日本骑兵.txt,0
DVMM-005,E盘日本骑兵.txt,0
DVMM-006,E盘日本骑兵.txt,0
DVMM-019,"115网盘数据.txt, E盘日本骑兵.txt",1
DVMM-024,E盘日本骑兵.txt,0
DVMM-025,E盘日本骑兵.txt,0
DVMM-029,E盘日本骑兵.txt,0
DVMM-039,E盘日本骑兵.txt,0
DVMM-045,E盘日本骑兵.txt,0
DVMM-047,E盘日本骑兵.txt,0
DVMM-049,E盘日本骑兵.txt,0
DVMM-053,E盘日本骑兵.txt,0
DVMM-068,E盘日本骑兵.txt,0
DVMM-080,E盘日本骑兵.txt,0
DVMM-095,E盘日本骑兵.txt,0
DVMM-106,F盘日本骑兵.txt,0
DVMM-107,F盘日本骑兵.txt,0
DVMM-112,F盘日本骑兵.txt,0
DVMM-117,E盘日本骑兵.txt,0
DVMM-121,F盘日本骑兵.txt,0
DVMM-128,E盘日本骑兵.txt,0
DVMM-135,F盘日本骑兵.txt,0
DVMM-153,F盘日本骑兵.txt,0
DVMM-171,F盘日本骑兵.txt,0
DVMM-181,E盘日本骑兵.txt,0
DVMM-184,E盘日本骑兵.txt,0
DVMM-197,F盘日本骑兵.txt,0
DVMM-220,F盘日本骑兵.txt,0
DVMM-245,115网盘数据.txt,0
DVMM-285,115网盘数据.txt,0
DVMM-286,115网盘数据.txt,0
DVMM-299,115网盘数据.txt,0
DVMM-327,115网盘数据.txt,0
DVMM-332,115网盘数据.txt,0
DVMM-335,115网盘数据.txt,0
DVMT-004,E盘日本骑兵.txt,0
DVRT-018,E盘日本骑兵.txt,0
DVRT-022,E盘日本骑兵.txt,0
DVRT-027,E盘日本骑兵.txt,0
DVRT-035,F盘日本骑兵.txt,0
DVRT-044,F盘日本骑兵.txt,0
DVRT-045,115网盘数据.txt,0
DVRT-047,F盘日本骑兵.txt,0
DVRT-056,F盘日本骑兵.txt,0
DVRT-057,F盘日本骑兵.txt,0
DVRT-062,115网盘数据.txt,0
EBOD-298,F盘日本骑兵.txt,0
EBOD-841,E盘日本骑兵.txt,0
EBOD-918,E盘日本骑兵.txt,0
EBWH-007,F盘日本骑兵.txt,0
EBWH-012,F盘日本骑兵.txt,0
EBWH-094,F盘日本骑兵.txt,0
EBWH-182,E盘日本骑兵.txt,0
EBWH-190,F盘日本骑兵.txt,0
EBWH-196,F盘日本骑兵.txt,0
EBWH-203,F盘日本骑兵.txt,0
EBWH-249,F盘日本骑兵.txt,0
EBWH-251,115网盘数据.txt,0
EBWH-273,115网盘数据.txt,0
EBWH-282,115网盘数据.txt,0
EDRG-016,F盘日本骑兵.txt,0
EKDV-687,E盘日本骑兵.txt,0
EKDV-765,F盘日本骑兵.txt,0
EKDV-788,F盘日本骑兵.txt,0
EKDV-796,115网盘数据.txt,0
EMAZ-329,F盘日本骑兵.txt,0
EMBZ-098,F盘日本骑兵.txt,0
EMBZ-283,E盘日本骑兵.txt,0
EMBZ-302,F盘日本骑兵.txt,0
EMBZ-306,F盘日本骑兵.txt,0
EMBZ-315,115网盘数据.txt,0
EMBZ-336,115网盘数据.txt,0
ENDS-125,E盘日本骑兵.txt,0
ERGR-001,F盘日本骑兵.txt,0
ETW-003,E盘日本骑兵.txt,0
ETW-006,E盘日本骑兵.txt,0
ETW-007,E盘日本骑兵.txt,0
EUMD-004,F盘日本骑兵.txt,0
EYAN-012,F盘日本骑兵.txt,0
EYAN-197,E盘日本骑兵.txt,0
EYAN-203,F盘日本骑兵.txt,0
FAA-005,F盘日本骑兵.txt,0
FAA-014,F盘日本骑兵.txt,0
FAA-016,F盘日本骑兵.txt,0
FAA-022,F盘日本骑兵.txt,0
FAA-294,F盘日本骑兵.txt,0
FAJS-028,F盘日本骑兵.txt,0
FAJS-042,F盘日本骑兵.txt,0
FAJS-050,F盘日本骑兵.txt,0
FAJS-053,F盘日本骑兵.txt,0
FAN-190,E盘日本骑兵.txt,0
FANART-10,"E盘日本骑兵.txt, F盘日本骑兵.txt",1
FANART-11,"E盘日本骑兵.txt, F盘日本骑兵.txt",1
FANART-12,"E盘日本骑兵.txt, F盘日本骑兵.txt",1
FANART-13,"E盘日本骑兵.txt, F盘日本骑兵.txt",1
FANART-14,"E盘日本骑兵.txt, F盘日本骑兵.txt",1
FANART-15,"E盘日本骑兵.txt, F盘日本骑兵.txt",1
FANART-16,"E盘日本骑兵.txt, F盘日本骑兵.txt",1
FANART-17,"E盘日本骑兵.txt, F盘日本骑兵.txt",1
FANART-18,"E盘日本骑兵.txt, F盘日本骑兵.txt",1
FANART-19,"E盘日本骑兵.txt, F盘日本骑兵.txt",1
FANART-20,"E盘日本骑兵.txt, F盘日本骑兵.txt",1
FAX-002,F盘日本骑兵.txt,0
FAX-003,F盘日本骑兵.txt,0
FAX-007,F盘日本骑兵.txt,0
FAX-008,F盘日本骑兵.txt,0
FAX-009,F盘日本骑兵.txt,0
FAX-011,F盘日本骑兵.txt,0
FAX-015,F盘日本骑兵.txt,0
FAX-023,F盘日本骑兵.txt,0
FAX-027,F盘日本骑兵.txt,0
FAX-032,F盘日本骑兵.txt,0
FAX-035,F盘日本骑兵.txt,0
FAX-045,F盘日本骑兵.txt,0
FAX-048,F盘日本骑兵.txt,0
FAX-049,F盘日本骑兵.txt,0
FAX-054,F盘日本骑兵.txt,0
FAX-057,F盘日本骑兵.txt,0
FAX-076,F盘日本骑兵.txt,0
FAX-078,F盘日本骑兵.txt,0
FAX-079,F盘日本骑兵.txt,0
FAX-428,E盘日本骑兵.txt,0
FAX-480,F盘日本骑兵.txt,0
FAYS-008,115网盘数据.txt,0
FCDC-132,E盘日本骑兵.txt,0
FCDC-135,E盘日本骑兵.txt,0
FCDC-141,E盘日本骑兵.txt,0
FCDC-142,E盘日本骑兵.txt,0
FCDC-154,E盘日本骑兵.txt,0
FCDC-159,E盘日本骑兵.txt,0
FCDC-163,E盘日本骑兵.txt,0
FCDC-182,115网盘数据.txt,0
FCDSS-103,115网盘数据.txt,0
FCST-003,E盘日本骑兵.txt,0
FERA-163,E盘日本骑兵.txt,0
FFFS-045,E盘日本骑兵.txt,0
FFFS-060,F盘日本骑兵.txt,0
FFFS-064,F盘日本骑兵.txt,0
FFFS-065,F盘日本骑兵.txt,0
FFFS-068,115网盘数据.txt,0
FIV-013,E盘日本骑兵.txt,0
FIV-038,E盘日本骑兵.txt,0
FJIN-115,115网盘数据.txt,0
FLAV-292,E盘日本骑兵.txt,0
FLAV-343,E盘日本骑兵.txt,0
FLAV-346,E盘日本骑兵.txt,0
FLAV-359,E盘日本骑兵.txt,0
FLAV-366,F盘日本骑兵.txt,0
FLAV-394,F盘日本骑兵.txt,0
FLAV-399,F盘日本骑兵.txt,0
FLAV-410,115网盘数据.txt,0
FLVA-047,E盘日本骑兵.txt,0
FLVA-049,E盘日本骑兵.txt,0
FLVA-050,E盘日本骑兵.txt,0
FLVA-054,F盘日本骑兵.txt,0
FNEW-011,F盘日本骑兵.txt,0
FNS-004,F盘日本骑兵.txt,0
FNS-007,F盘日本骑兵.txt,0
FNS-014,F盘日本骑兵.txt,0
FNS-016,F盘日本骑兵.txt,0
FNS-027,F盘日本骑兵.txt,0
FNS-039,F盘日本骑兵.txt,0
FNS-042,F盘日本骑兵.txt,0
FNS-070,F盘日本骑兵.txt,0
FNS-073,F盘日本骑兵.txt,0
FNS-185,115网盘数据.txt,0
FOCS-292,115网盘数据.txt,0
FPJS-042,F盘日本骑兵.txt,0
FPRE-004,E盘日本骑兵.txt,0
FPRE-057,F盘日本骑兵.txt,0
FPRE-069,115网盘数据.txt,0
FPRE-076,F盘日本骑兵.txt,0
FPRE-080,F盘日本骑兵.txt,0
FPRE-114,F盘日本骑兵.txt,0
FPRE-118,E盘日本骑兵.txt,0
FPRE-122,F盘日本骑兵.txt,0
FPRE-131,F盘日本骑兵.txt,0
FPRE-150,F盘日本骑兵.txt,0
FPRE-156,115网盘数据.txt,0
FPRE-161,F盘日本骑兵.txt,0
FPRE-163,F盘日本骑兵.txt,0
FPRE-174,F盘日本骑兵.txt,0
FPRE-181,F盘日本骑兵.txt,0
FSDSS-062,E盘日本骑兵.txt,0
FSDSS-129,E盘日本骑兵.txt,0
FSDSS-259,E盘日本骑兵.txt,0
FSDSS-260,E盘日本骑兵.txt,0
FSDSS-282,E盘日本骑兵.txt,0
FSDSS-374,E盘日本骑兵.txt,0
FSDSS-390,E盘日本骑兵.txt,0
FSDSS-409,E盘日本骑兵.txt,0
FSDSS-418,E盘日本骑兵.txt,0
FSDSS-421,E盘日本骑兵.txt,0
FSDSS-468,E盘日本骑兵.txt,0
FSDSS-530,E盘日本骑兵.txt,0
FSDSS-569,E盘日本骑兵.txt,0
FSDSS-573,E盘日本骑兵.txt,0
FSDSS-582,E盘日本骑兵.txt,0
FSDSS-636,E盘日本骑兵.txt,0
FSDSS-648,E盘日本骑兵.txt,0
FSDSS-653,E盘日本骑兵.txt,0
FSDSS-662,E盘日本骑兵.txt,0
FSDSS-714,E盘日本骑兵.txt,0
FSDSS-728,E盘日本骑兵.txt,0
FSDSS-748,F盘日本骑兵.txt,0
FSDSS-784,F盘日本骑兵.txt,0
FSDSS-814,F盘日本骑兵.txt,0
FSDSS-816,F盘日本骑兵.txt,0
FSDSS-825,F盘日本骑兵.txt,0
FSDSS-893,"E盘日本骑兵.txt, F盘日本骑兵.txt",1
FSDSS-894,F盘日本骑兵.txt,0
FSDSS-971,F盘日本骑兵.txt,0
FSDSS-978,F盘日本骑兵.txt,0
FSET-647,F盘日本骑兵.txt,0
FSET-793,F盘日本骑兵.txt,0
FSET-814,E盘日本骑兵.txt,0
FSET-816,F盘日本骑兵.txt,0
FTHTD-137,115网盘数据.txt,0
FTHTD-143,115网盘数据.txt,0
FTHTD-152,115网盘数据.txt,0
FTK-012,E盘日本骑兵.txt,0
FTKD-010,F盘日本骑兵.txt,0
FTKD-024,F盘日本骑兵.txt,0
FTKD-033,115网盘数据.txt,0
FTN-034,E盘日本骑兵.txt,0
FUNK-009,E盘日本骑兵.txt,0
GACHI-644,E盘日本骑兵.txt,0
GAMS-008,E盘日本骑兵.txt,0
GAMS-010,E盘日本骑兵.txt,0
GAMS-021,E盘日本骑兵.txt,0
GCF-003,F盘日本骑兵.txt,0
GCF-010,F盘日本骑兵.txt,0
GDQN-021,F盘日本骑兵.txt,0
GEBB-028,115网盘数据.txt,0
GENU-010,E盘日本骑兵.txt,0
GETS-019,F盘日本骑兵.txt,0
GETS-073,E盘日本骑兵.txt,0
GETS-090,E盘日本骑兵.txt,0
GETS-113,F盘日本骑兵.txt,0
GG-019,F盘日本骑兵.txt,0
GHAT-141,E盘日本骑兵.txt,0
GHMT-027,F盘日本骑兵.txt,0
GHNU-027,E盘日本骑兵.txt,0
GIRO-018,F盘日本骑兵.txt,0
GIRO-027,F盘日本骑兵.txt,0
GIRO-034,F盘日本骑兵.txt,0
GIRO-042,F盘日本骑兵.txt,0
GIRO-060,E盘日本骑兵.txt,0
GIRO-71,F盘日本骑兵.txt,0
GMA-022,E盘日本骑兵.txt,0
GMEM-022,E盘日本骑兵.txt,0
GMEM-077,E盘日本骑兵.txt,0
GMJK-021,E盘日本骑兵.txt,0
GNAX-061,F盘日本骑兵.txt,0
GNS-103,F盘日本骑兵.txt,0
GOJU-158,F盘日本骑兵.txt,0
GOJU-261,E盘日本骑兵.txt,0
GSY-035,115网盘数据.txt,0
GTAL-036,F盘日本骑兵.txt,0
GUPP-011,F盘日本骑兵.txt,0
GVG-118,F盘日本骑兵.txt,0
GVG-148,F盘日本骑兵.txt,0
GVG-222,F盘日本骑兵.txt,0
GVG-727,E盘日本骑兵.txt,0
GVG-759,115网盘数据.txt,0
GVG-787,E盘日本骑兵.txt,0
GVG-801,E盘日本骑兵.txt,0
GVG-807,F盘日本骑兵.txt,0
GVG-882,E盘日本骑兵.txt,0
GVG-913,F盘日本骑兵.txt,0
GVG-977,E盘日本骑兵.txt,0
GVH-005,E盘日本骑兵.txt,0
GVH-042,F盘日本骑兵.txt,0
GVH-082,E盘日本骑兵.txt,0
GVH-086,E盘日本骑兵.txt,0
GVH-100,E盘日本骑兵.txt,0
GVH-121,E盘日本骑兵.txt,0
GVH-150,E盘日本骑兵.txt,0
GVH-167,F盘日本骑兵.txt,0
GVH-177,E盘日本骑兵.txt,0
GVH-180,E盘日本骑兵.txt,0
GVH-219,E盘日本骑兵.txt,0
GVH-234,"115网盘数据.txt, E盘日本骑兵.txt",1
GVH-247,F盘日本骑兵.txt,0
GVH-298,E盘日本骑兵.txt,0
GVH-305,E盘日本骑兵.txt,0
GVH-308,E盘日本骑兵.txt,0
GVH-323,E盘日本骑兵.txt,0
GVH-339,E盘日本骑兵.txt,0
GVH-344,E盘日本骑兵.txt,0
GVH-353,115网盘数据.txt,0
GVH-473,E盘日本骑兵.txt,0
GVH-499,E盘日本骑兵.txt,0
GVH-504,E盘日本骑兵.txt,0
GVH-579,E盘日本骑兵.txt,0
GVH-596,"115网盘数据.txt, E盘日本骑兵.txt",1
GVH-606,E盘日本骑兵.txt,0
GVH-640,E盘日本骑兵.txt,0
GVH-653,E盘日本骑兵.txt,0
GVH-659,F盘日本骑兵.txt,0
GVH-661,F盘日本骑兵.txt,0
GVH-673,F盘日本骑兵.txt,0
GVH-707,E盘日本骑兵.txt,0
GVH-712,F盘日本骑兵.txt,0
GVH-725,F盘日本骑兵.txt,0
GVH-726,F盘日本骑兵.txt,0
GVH-762,F盘日本骑兵.txt,0
GVH-779,115网盘数据.txt,0
GVH-803,115网盘数据.txt,0
GVH-807,115网盘数据.txt,0
GZAP-004,F盘日本骑兵.txt,0
GZAP-005,F盘日本骑兵.txt,0
GZAP-007,F盘日本骑兵.txt,0
GZAP-014,F盘日本骑兵.txt,0
GZAP-015,F盘日本骑兵.txt,0
GZAP-048,F盘日本骑兵.txt,0
GZAP-058,F盘日本骑兵.txt,0
GZAP-066,F盘日本骑兵.txt,0
HALT-063,F盘日本骑兵.txt,0
HALT-065,F盘日本骑兵.txt,0
HALT-066,F盘日本骑兵.txt,0
HALT-070,115网盘数据.txt,0
HALT-072,115网盘数据.txt,0
HALT-073,115网盘数据.txt,0
HAME-053,115网盘数据.txt,0
HARU-053,F盘日本骑兵.txt,0
HAWA-171,E盘日本骑兵.txt,0
HAWA-243,E盘日本骑兵.txt,0
HAWA-324,F盘日本骑兵.txt,0
HAWA-341,E盘日本骑兵.txt,0
HAWA-365,115网盘数据.txt,0
HBAD-307,F盘日本骑兵.txt,0
HBAD-322,F盘日本骑兵.txt,0
HBAD-327,F盘日本骑兵.txt,0
HBAD-328,F盘日本骑兵.txt,0
HBAD-331,F盘日本骑兵.txt,0
HBAD-334,F盘日本骑兵.txt,0
HBAD-345,E盘日本骑兵.txt,0
HBAD-347,F盘日本骑兵.txt,0
HBAD-359,E盘日本骑兵.txt,0
HBAD-403,F盘日本骑兵.txt,0
HBAD-432,F盘日本骑兵.txt,0
HBAD-586,E盘日本骑兵.txt,0
HBAD-595,E盘日本骑兵.txt,0
HBAD-685,E盘日本骑兵.txt,0
HBAD-703,F盘日本骑兵.txt,0
HDKA-242,E盘日本骑兵.txt,0
HDKA-246,E盘日本骑兵.txt,0
HDKA-256,F盘日本骑兵.txt,0
HDKA-257,E盘日本骑兵.txt,0
HDKA-281,E盘日本骑兵.txt,0
HDKA-293,E盘日本骑兵.txt,0
HDKA-311,F盘日本骑兵.txt,0
HDKA-316,F盘日本骑兵.txt,0
HDKA-322,115网盘数据.txt,0
HDSN-049,F盘日本骑兵.txt,0
HENK-001,F盘日本骑兵.txt,0
HEY-032,E盘日本骑兵.txt,0
HEYZO-0198,E盘日本骑兵.txt,0
HEYZO-0295,E盘日本骑兵.txt,0
HEYZO-0304,E盘日本骑兵.txt,0
HEYZO-0333,E盘日本骑兵.txt,0
HEYZO-0527,E盘日本骑兵.txt,0
HEYZO-0783,E盘日本骑兵.txt,0
HEYZO-0809,E盘日本骑兵.txt,0
HEYZO-0827,E盘日本骑兵.txt,0
HEYZO-0846,E盘日本骑兵.txt,0
HEYZO-0857,E盘日本骑兵.txt,0
HEYZO-0865,E盘日本骑兵.txt,0
HEYZO-0917,E盘日本骑兵.txt,0
HEYZO-0932,E盘日本骑兵.txt,0
HEYZO-0935,E盘日本骑兵.txt,0
HEYZO-1155,E盘日本骑兵.txt,0
HEYZO-1168,E盘日本骑兵.txt,0
HEYZO-1731,E盘日本骑兵.txt,0
HEYZO-2034,E盘日本骑兵.txt,0
HEYZO-2118,E盘日本骑兵.txt,0
HEYZO-2428,E盘日本骑兵.txt,0
HEYZO-2595,E盘日本骑兵.txt,0
HEYZO-2766,E盘日本骑兵.txt,0
HEYZO-2768,E盘日本骑兵.txt,0
HEYZO-2835,E盘日本骑兵.txt,0
HEYZO-3012,E盘日本骑兵.txt,0
HEYZO-3052,E盘日本骑兵.txt,0
HEYZO-3070,E盘日本骑兵.txt,0
HEYZO-3115,E盘日本骑兵.txt,0
HEYZO-3123,E盘日本骑兵.txt,0
HEYZO-3251,E盘日本骑兵.txt,0
HEYZO-3706,115网盘数据.txt,0
HEYZO-3714,115网盘数据.txt,0
HEYZO-3718,115网盘数据.txt,0
HEYZO-3777,115网盘数据.txt,0
HGOT-063,E盘日本骑兵.txt,0
HIMA-088,E盘日本骑兵.txt,0
HITMA-165,115网盘数据.txt,0
HJBB-202,F盘日本骑兵.txt,0
HJMO-386,E盘日本骑兵.txt,0
HJMO-416,E盘日本骑兵.txt,0
HJMO-429,E盘日本骑兵.txt,0
HJMO-442,E盘日本骑兵.txt,0
HJMO-446,E盘日本骑兵.txt,0
HJMO-455,E盘日本骑兵.txt,0
HJMO-461,E盘日本骑兵.txt,0
HJMO-463,E盘日本骑兵.txt,0
HJMO-464,E盘日本骑兵.txt,0
HJMO-469,E盘日本骑兵.txt,0
HJMO-471,E盘日本骑兵.txt,0
HJMO-480,E盘日本骑兵.txt,0
HJMO-486,E盘日本骑兵.txt,0
HJMO-492,E盘日本骑兵.txt,0
HJMO-493,E盘日本骑兵.txt,0
HJMO-500,E盘日本骑兵.txt,0
HJMO-505,E盘日本骑兵.txt,0
HJMO-507,E盘日本骑兵.txt,0
HJMO-511,E盘日本骑兵.txt,0
HJMO-513,E盘日本骑兵.txt,0
HJMO-602,E盘日本骑兵.txt,0
HJMO-603,E盘日本骑兵.txt,0
HJMO-608,E盘日本骑兵.txt,0
HJMO-609,E盘日本骑兵.txt,0
HJMO-612,E盘日本骑兵.txt,0
HJMO-613,E盘日本骑兵.txt,0
HJMO-614,E盘日本骑兵.txt,0
HJMO-617,E盘日本骑兵.txt,0
HJMO-632,E盘日本骑兵.txt,0
HJMO-636,E盘日本骑兵.txt,0
HJMO-640,E盘日本骑兵.txt,0
HJMO-644,E盘日本骑兵.txt,0
HJMO-648,E盘日本骑兵.txt,0
HJMO-651,F盘日本骑兵.txt,0
HJMO-654,F盘日本骑兵.txt,0
HJMO-660,115网盘数据.txt,0
HJMO-664,F盘日本骑兵.txt,0
HJMO-685,F盘日本骑兵.txt,0
HMDNV-666,E盘日本骑兵.txt,0
HMDNV-843,115网盘数据.txt,0
HMGL-188,E盘日本骑兵.txt,0
HMN-025,E盘日本骑兵.txt,0
HMN-094,E盘日本骑兵.txt,0
HMN-351,E盘日本骑兵.txt,0
HMN-370,E盘日本骑兵.txt,0
HMN-372,E盘日本骑兵.txt,0
HMN-459,E盘日本骑兵.txt,0
HMN-520,F盘日本骑兵.txt,0
HMN-639,E盘日本骑兵.txt,0
HMN-644,F盘日本骑兵.txt,0
HMN-648,F盘日本骑兵.txt,0
HMN-655,F盘日本骑兵.txt,0
HMN-663,"115网盘数据.txt, F盘日本骑兵.txt",1
HMN-677,115网盘数据.txt,0
HMN-690,115网盘数据.txt,0
HMN-707,F盘日本骑兵.txt,0
HMN-710,F盘日本骑兵.txt,0
HMN-712,F盘日本骑兵.txt,0
HMN-763,115网盘数据.txt,0
HMRK-015,F盘日本骑兵.txt,0
HND-291,E盘日本骑兵.txt,0
HND-914,E盘日本骑兵.txt,0
HND-931,115网盘数据.txt,0
HNTRZ-020,F盘日本骑兵.txt,0
HODV-21286,E盘日本骑兵.txt,0
HODV-21301,F盘日本骑兵.txt,0
HODV-21939,F盘日本骑兵.txt,0
HODV-21979,F盘日本骑兵.txt,0
HODV-21993,115网盘数据.txt,0
HODV-22029,115网盘数据.txt,0
HOKS-011,F盘日本骑兵.txt,0
HOKS-053,F盘日本骑兵.txt,0
HOKS-072,F盘日本骑兵.txt,0
HOKS-082,F盘日本骑兵.txt,0
HOKS-134,E盘日本骑兵.txt,0
HOKS-161,115网盘数据.txt,0
HOKS-182,F盘日本骑兵.txt,0
HOKS-187,E盘日本骑兵.txt,0
HOKS-201,F盘日本骑兵.txt,0
HOKS-210,115网盘数据.txt,0
HOWS-013,115网盘数据.txt,0
HQIS-013,F盘日本骑兵.txt,0
HQIS-071,F盘日本骑兵.txt,0
HRSM-060,F盘日本骑兵.txt,0
HRSM-068,F盘日本骑兵.txt,0
HRSM-079,F盘日本骑兵.txt,0
HRSM-128,115网盘数据.txt,0
HSODA-003,F盘日本骑兵.txt,0
HSODA-026,115网盘数据.txt,0
HSODA-083,115网盘数据.txt,0
HSODA-093,115网盘数据.txt,0
HSODA-095,115网盘数据.txt,0
HTHD-171,E盘日本骑兵.txt,0
HTHD-184,F盘日本骑兵.txt,0
HTHD-185,F盘日本骑兵.txt,0
HTHD-189,E盘日本骑兵.txt,0
HTHD-197,"115网盘数据.txt, F盘日本骑兵.txt",1
HTHD-204,"115网盘数据.txt, E盘日本骑兵.txt",1
HTMS-026,F盘日本骑兵.txt,0
HTMS-029,F盘日本骑兵.txt,0
HTMS-048,E盘日本骑兵.txt,0
HTMS-058,F盘日本骑兵.txt,0
HTMS-083,F盘日本骑兵.txt,0
HTMS-100,115网盘数据.txt,0
HUNBL-076,E盘日本骑兵.txt,0
HUNBL-120,E盘日本骑兵.txt,0
HUNBL-130,E盘日本骑兵.txt,0
HUNTA-550,F盘日本骑兵.txt,0
HUNTA-687,F盘日本骑兵.txt,0
HUNTA-767,E盘日本骑兵.txt,0
HUNTA-789,F盘日本骑兵.txt,0
HUNTA-832,F盘日本骑兵.txt,0
HUNTA-928,E盘日本骑兵.txt,0
HUNTA-972,E盘日本骑兵.txt,0
HUNTB-140,E盘日本骑兵.txt,0
HUNTB-183,E盘日本骑兵.txt,0
HUNTB-219,E盘日本骑兵.txt,0
HUNTB-228,E盘日本骑兵.txt,0
HUNTB-252,F盘日本骑兵.txt,0
HUNTB-287,E盘日本骑兵.txt,0
HUNTB-374,E盘日本骑兵.txt,0
HUNTB-404,F盘日本骑兵.txt,0
HUNTB-409,"E盘日本骑兵.txt, F盘日本骑兵.txt",1
HUNTB-476,E盘日本骑兵.txt,0
HUNTB-479,E盘日本骑兵.txt,0
HUNTB-500,E盘日本骑兵.txt,0
HUNTB-557,E盘日本骑兵.txt,0
HUNTB-680,E盘日本骑兵.txt,0
HUNTB-683,E盘日本骑兵.txt,0
HUNTB-723,E盘日本骑兵.txt,0
HUNTC-096,F盘日本骑兵.txt,0
HUNTC-129,F盘日本骑兵.txt,0
HUNTC-141,E盘日本骑兵.txt,0
HUNTC-167,E盘日本骑兵.txt,0
HUNTC-188,F盘日本骑兵.txt,0
HUNTC-330,115网盘数据.txt,0
HUNTC-389,115网盘数据.txt,0
HUNTC-417,115网盘数据.txt,0
HWKR-002,F盘日本骑兵.txt,0
HWKR-003,115网盘数据.txt,0
HYPN-022,E盘日本骑兵.txt,0
HYPN-023,F盘日本骑兵.txt,0
HZGD-153,E盘日本骑兵.txt,0
HZGD-211,E盘日本骑兵.txt,0
HZGD-222,E盘日本骑兵.txt,0
HZGD-246,E盘日本骑兵.txt,0
HZGD-306,F盘日本骑兵.txt,0
HZMEN-003,E盘日本骑兵.txt,0
HZMEN-007,E盘日本骑兵.txt,0
HZMEN-008,E盘日本骑兵.txt,0
IBW-866,E盘日本骑兵.txt,0
ICMN-004,F盘日本骑兵.txt,0
ICMN-006,E盘日本骑兵.txt,0
IESP-742,E盘日本骑兵.txt,0
ILLE-009,E盘日本骑兵.txt,0
INSTV-674,115网盘数据.txt,0
IPTD-999,E盘日本骑兵.txt,0
IPX-023,F盘日本骑兵.txt,0
IPX-097,E盘日本骑兵.txt,0
IPX-150,E盘日本骑兵.txt,0
IPX-184,E盘日本骑兵.txt,0
IPX-218,E盘日本骑兵.txt,0
IPX-360,E盘日本骑兵.txt,0
IPX-369,E盘日本骑兵.txt,0
IPX-374,E盘日本骑兵.txt,0
IPX-400,E盘日本骑兵.txt,0
IPX-430,E盘日本骑兵.txt,0
IPX-475,E盘日本骑兵.txt,0
IPX-540,E盘日本骑兵.txt,0
IPX-541,E盘日本骑兵.txt,0
IPX-602,E盘日本骑兵.txt,0
IPX-617,E盘日本骑兵.txt,0
IPX-620,E盘日本骑兵.txt,0
IPX-621,E盘日本骑兵.txt,0
IPX-625,E盘日本骑兵.txt,0
IPX-633,E盘日本骑兵.txt,0
IPX-635,F盘日本骑兵.txt,0
IPX-660,E盘日本骑兵.txt,0
IPX-668,E盘日本骑兵.txt,0
IPX-674,E盘日本骑兵.txt,0
IPX-677,E盘日本骑兵.txt,0
IPX-691,E盘日本骑兵.txt,0
IPX-700,E盘日本骑兵.txt,0
IPX-736,F盘日本骑兵.txt,0
IPX-770,E盘日本骑兵.txt,0
IPX-776,E盘日本骑兵.txt,0
IPX-783,E盘日本骑兵.txt,0
IPX-826,F盘日本骑兵.txt,0
IPX-839,E盘日本骑兵.txt,0
IPX-847,E盘日本骑兵.txt,0
IPX-867,E盘日本骑兵.txt,0
IPX-873,E盘日本骑兵.txt,0
IPX-879,E盘日本骑兵.txt,0
IPX-954,E盘日本骑兵.txt,0
IPX-962,E盘日本骑兵.txt,0
IPX-966,F盘日本骑兵.txt,0
IPX-977,E盘日本骑兵.txt,0
IPX-981,E盘日本骑兵.txt,0
IPZ-001,E盘日本骑兵.txt,0
IPZ-275,E盘日本骑兵.txt,0
IPZ-351,E盘日本骑兵.txt,0
IPZ-409,E盘日本骑兵.txt,0
IPZ-441,E盘日本骑兵.txt,0
IPZ-489,E盘日本骑兵.txt,0
IPZ-559,E盘日本骑兵.txt,0
IPZ-628,E盘日本骑兵.txt,0
IPZ-793,E盘日本骑兵.txt,0
IPZ-864,F盘日本骑兵.txt,0
IPZZ-011,E盘日本骑兵.txt,0
IPZZ-018,E盘日本骑兵.txt,0
IPZZ-037,"E盘日本骑兵.txt, F盘日本骑兵.txt",1
IPZZ-038,E盘日本骑兵.txt,0
IPZZ-041,E盘日本骑兵.txt,0
IPZZ-053,E盘日本骑兵.txt,0
IPZZ-137,F盘日本骑兵.txt,0
IPZZ-144,E盘日本骑兵.txt,0
IPZZ-188,E盘日本骑兵.txt,0
IPZZ-198,E盘日本骑兵.txt,0
IPZZ-203,E盘日本骑兵.txt,0
IPZZ-252,E盘日本骑兵.txt,0
IPZZ-253,E盘日本骑兵.txt,0
IPZZ-359,F盘日本骑兵.txt,0
IPZZ-372,F盘日本骑兵.txt,0
IPZZ-401,F盘日本骑兵.txt,0
IPZZ-437,F盘日本骑兵.txt,0
IPZZ-457,F盘日本骑兵.txt,0
IPZZ-475,F盘日本骑兵.txt,0
IPZZ-477,"115网盘数据.txt, F盘日本骑兵.txt",1
IPZZ-521,F盘日本骑兵.txt,0
IPZZ-546,F盘日本骑兵.txt,0
IPZZ-574,F盘日本骑兵.txt,0
IPZZ-602,F盘日本骑兵.txt,0
IPZZ-629,F盘日本骑兵.txt,0
IPZZ-681,115网盘数据.txt,0
IPZZ-710,115网盘数据.txt,0
IPZZ-738,115网盘数据.txt,0
IPZZ-777,115网盘数据.txt,0
IPZZ-796,115网盘数据.txt,0
IQQQ-031,F盘日本骑兵.txt,0
ISRD-005,E盘日本骑兵.txt,0
ISRD-007,E盘日本骑兵.txt,0
ISRD-011,E盘日本骑兵.txt,0
ISRD-012,E盘日本骑兵.txt,0
ISRD-014,E盘日本骑兵.txt,0
ISRD-018,E盘日本骑兵.txt,0
ISRD-019,E盘日本骑兵.txt,0
ISRD-023,F盘日本骑兵.txt,0
ISRD-024,E盘日本骑兵.txt,0
JAC-140,E盘日本骑兵.txt,0
JAC-167,E盘日本骑兵.txt,0
JAC-172,E盘日本骑兵.txt,0
JBS-023,E盘日本骑兵.txt,0
JJAA-026,E盘日本骑兵.txt,0
JJBK-061,E盘日本骑兵.txt,0
JJBK-062,E盘日本骑兵.txt,0
JKW-017,E盘日本骑兵.txt,0
JKW-020,E盘日本骑兵.txt,0
JKW-025,E盘日本骑兵.txt,0
JKZK-023,F盘日本骑兵.txt,0
JKZK-032,E盘日本骑兵.txt,0
JNT-101,F盘日本骑兵.txt,0
JPNXXX-26051,F盘日本骑兵.txt,0
JRW-002,E盘日本骑兵.txt,0
JRW-015,E盘日本骑兵.txt,0
JUC-486,F盘日本骑兵.txt,0
JUC-878,E盘日本骑兵.txt,0
JUC-992,115网盘数据.txt,0
JUFD-030,E盘日本骑兵.txt,0
JUFD-037,E盘日本骑兵.txt,0
JUFD-045,F盘日本骑兵.txt,0
JUFD-053,E盘日本骑兵.txt,0
JUFD-061,F盘日本骑兵.txt,0
JUFD-068,E盘日本骑兵.txt,0
JUFD-077,F盘日本骑兵.txt,0
JUFD-085,E盘日本骑兵.txt,0
JUFD-100,E盘日本骑兵.txt,0
JUFD-106,E盘日本骑兵.txt,0
JUFD-126,F盘日本骑兵.txt,0
JUFD-134,F盘日本骑兵.txt,0
JUFD-141,F盘日本骑兵.txt,0
JUFD-163,F盘日本骑兵.txt,0
JUFD-170,F盘日本骑兵.txt,0
JUFD-171,F盘日本骑兵.txt,0
JUFD-178,F盘日本骑兵.txt,0
JUFD-190,E盘日本骑兵.txt,0
JUFD-205,F盘日本骑兵.txt,0
JUFD-213,F盘日本骑兵.txt,0
JUFD-235,F盘日本骑兵.txt,0
JUFD-250,F盘日本骑兵.txt,0
JUFD-305,F盘日本骑兵.txt,0
JUFD-311,F盘日本骑兵.txt,0
JUFD-337,F盘日本骑兵.txt,0
JUFD-366,E盘日本骑兵.txt,0
JUFD-367,F盘日本骑兵.txt,0
JUFD-372,F盘日本骑兵.txt,0
JUFD-388,F盘日本骑兵.txt,0
JUFD-392,F盘日本骑兵.txt,0
JUFD-409,E盘日本骑兵.txt,0
JUFD-433,E盘日本骑兵.txt,0
JUFD-441,E盘日本骑兵.txt,0
JUFD-453,E盘日本骑兵.txt,0
JUFD-471,E盘日本骑兵.txt,0
JUFD-528,E盘日本骑兵.txt,0
JUFD-532,F盘日本骑兵.txt,0
JUFD-544,E盘日本骑兵.txt,0
JUFD-545,F盘日本骑兵.txt,0
JUFD-548,E盘日本骑兵.txt,0
JUFD-581,F盘日本骑兵.txt,0
JUFD-587,E盘日本骑兵.txt,0
JUFD-591,E盘日本骑兵.txt,0
JUFD-641,E盘日本骑兵.txt,0
JUFD-670,F盘日本骑兵.txt,0
JUFD-833,E盘日本骑兵.txt,0
JUFD-869,E盘日本骑兵.txt,0
JUFD-924,E盘日本骑兵.txt,0
JUFD-962,E盘日本骑兵.txt,0
JUFD-995,E盘日本骑兵.txt,0
JUFE-008,E盘日本骑兵.txt,0
JUFE-012,E盘日本骑兵.txt,0
JUFE-041,E盘日本骑兵.txt,0
JUFE-090,E盘日本骑兵.txt,0
JUFE-101,E盘日本骑兵.txt,0
JUFE-121,E盘日本骑兵.txt,0
JUFE-132,F盘日本骑兵.txt,0
JUFE-143,E盘日本骑兵.txt,0
JUFE-164,E盘日本骑兵.txt,0
JUFE-205,E盘日本骑兵.txt,0
JUFE-251,E盘日本骑兵.txt,0
JUFE-266,E盘日本骑兵.txt,0
JUFE-267,F盘日本骑兵.txt,0
JUFE-271,F盘日本骑兵.txt,0
JUFE-284,E盘日本骑兵.txt,0
JUFE-293,E盘日本骑兵.txt,0
JUFE-298,E盘日本骑兵.txt,0
JUFE-300,F盘日本骑兵.txt,0
JUFE-312,E盘日本骑兵.txt,0
JUFE-314,E盘日本骑兵.txt,0
JUFE-318,E盘日本骑兵.txt,0
JUFE-330,E盘日本骑兵.txt,0
JUFE-338,E盘日本骑兵.txt,0
JUFE-339,F盘日本骑兵.txt,0
JUFE-343,E盘日本骑兵.txt,0
JUFE-353,E盘日本骑兵.txt,0
JUFE-361,E盘日本骑兵.txt,0
JUFE-367,E盘日本骑兵.txt,0
JUFE-370,F盘日本骑兵.txt,0
JUFE-382,E盘日本骑兵.txt,0
JUFE-384,E盘日本骑兵.txt,0
JUFE-387,E盘日本骑兵.txt,0
JUFE-416,E盘日本骑兵.txt,0
JUFE-437,F盘日本骑兵.txt,0
JUFE-441,F盘日本骑兵.txt,0
JUFE-530,E盘日本骑兵.txt,0
JUFE-532,E盘日本骑兵.txt,0
JUFE-534,E盘日本骑兵.txt,0
JUFE-579,F盘日本骑兵.txt,0
JUFE-589,115网盘数据.txt,0
JUFE-590,115网盘数据.txt,0
JUL-00622,E盘日本骑兵.txt,0
JUL-018,E盘日本骑兵.txt,0
JUL-026,E盘日本骑兵.txt,0
JUL-033,E盘日本骑兵.txt,0
JUL-043,E盘日本骑兵.txt,0
JUL-093,E盘日本骑兵.txt,0
JUL-111,F盘日本骑兵.txt,0
JUL-134,F盘日本骑兵.txt,0
JUL-135,E盘日本骑兵.txt,0
JUL-171,E盘日本骑兵.txt,0
JUL-185,E盘日本骑兵.txt,0
JUL-208,E盘日本骑兵.txt,0
JUL-225,E盘日本骑兵.txt,0
JUL-259,E盘日本骑兵.txt,0
JUL-271,E盘日本骑兵.txt,0
JUL-274,E盘日本骑兵.txt,0
JUL-289,E盘日本骑兵.txt,0
JUL-293,E盘日本骑兵.txt,0
JUL-321,E盘日本骑兵.txt,0
JUL-331,E盘日本骑兵.txt,0
JUL-369,E盘日本骑兵.txt,0
JUL-371,F盘日本骑兵.txt,0
JUL-377,E盘日本骑兵.txt,0
JUL-388,E盘日本骑兵.txt,0
JUL-433,E盘日本骑兵.txt,0
JUL-443,E盘日本骑兵.txt,0
JUL-444,E盘日本骑兵.txt,0
JUL-450,E盘日本骑兵.txt,0
JUL-461,E盘日本骑兵.txt,0
JUL-483,E盘日本骑兵.txt,0
JUL-513,E盘日本骑兵.txt,0
JUL-526,E盘日本骑兵.txt,0
JUL-542,E盘日本骑兵.txt,0
JUL-580,E盘日本骑兵.txt,0
JUL-582,E盘日本骑兵.txt,0
JUL-586,E盘日本骑兵.txt,0
JUL-604,E盘日本骑兵.txt,0
JUL-606,E盘日本骑兵.txt,0
JUL-622,E盘日本骑兵.txt,0
JUL-625,E盘日本骑兵.txt,0
JUL-631,E盘日本骑兵.txt,0
JUL-700,E盘日本骑兵.txt,0
JUL-703,E盘日本骑兵.txt,0
JUL-724,F盘日本骑兵.txt,0
JUL-734,E盘日本骑兵.txt,0
JUL-740,E盘日本骑兵.txt,0
JUL-746,E盘日本骑兵.txt,0
JUL-787,F盘日本骑兵.txt,0
JUL-799,E盘日本骑兵.txt,0
JUL-832,E盘日本骑兵.txt,0
JUL-847,E盘日本骑兵.txt,0
JUL-871,E盘日本骑兵.txt,0
JUL-887,E盘日本骑兵.txt,0
JUL-891,F盘日本骑兵.txt,0
JUL-896,E盘日本骑兵.txt,0
JUL-904,E盘日本骑兵.txt,0
JUL-953,E盘日本骑兵.txt,0
JUL-956,E盘日本骑兵.txt,0
JUL-960,E盘日本骑兵.txt,0
JUL-970,E盘日本骑兵.txt,0
JUL-989,F盘日本骑兵.txt,0
JUL-999,E盘日本骑兵.txt,0
JUNY-016,E盘日本骑兵.txt,0
JUNY-141,E盘日本骑兵.txt,0
JUQ-003,E盘日本骑兵.txt,0
JUQ-014,E盘日本骑兵.txt,0
JUQ-020,E盘日本骑兵.txt,0
JUQ-028,E盘日本骑兵.txt,0
JUQ-029,E盘日本骑兵.txt,0
JUQ-030,E盘日本骑兵.txt,0
JUQ-066,E盘日本骑兵.txt,0
JUQ-090,E盘日本骑兵.txt,0
JUQ-093,E盘日本骑兵.txt,0
JUQ-108,E盘日本骑兵.txt,0
JUQ-112,E盘日本骑兵.txt,0
JUQ-117,E盘日本骑兵.txt,0
JUQ-141,E盘日本骑兵.txt,0
JUQ-162,E盘日本骑兵.txt,0
JUQ-163,F盘日本骑兵.txt,0
JUQ-177,E盘日本骑兵.txt,0
JUQ-182,E盘日本骑兵.txt,0
JUQ-184,E盘日本骑兵.txt,0
JUQ-191,E盘日本骑兵.txt,0
JUQ-200,E盘日本骑兵.txt,0
JUQ-202,E盘日本骑兵.txt,0
JUQ-203,E盘日本骑兵.txt,0
JUQ-206,F盘日本骑兵.txt,0
JUQ-216,E盘日本骑兵.txt,0
JUQ-239,F盘日本骑兵.txt,0
JUQ-241,E盘日本骑兵.txt,0
JUQ-288,E盘日本骑兵.txt,0
JUQ-321,E盘日本骑兵.txt,0
JUQ-324,E盘日本骑兵.txt,0
JUQ-337,E盘日本骑兵.txt,0
JUQ-344,E盘日本骑兵.txt,0
JUQ-350,E盘日本骑兵.txt,0
JUQ-358,E盘日本骑兵.txt,0
JUQ-365,E盘日本骑兵.txt,0
JUQ-366,E盘日本骑兵.txt,0
JUQ-368,"115网盘数据.txt, E盘日本骑兵.txt",1
JUQ-373,E盘日本骑兵.txt,0
JUQ-378,E盘日本骑兵.txt,0
JUQ-385,"115网盘数据.txt, E盘日本骑兵.txt",1
JUQ-387,E盘日本骑兵.txt,0
JUQ-407,E盘日本骑兵.txt,0
JUQ-409,E盘日本骑兵.txt,0
JUQ-426,E盘日本骑兵.txt,0
JUQ-431,E盘日本骑兵.txt,0
JUQ-446,E盘日本骑兵.txt,0
JUQ-456,E盘日本骑兵.txt,0
JUQ-471,E盘日本骑兵.txt,0
JUQ-477,E盘日本骑兵.txt,0
JUQ-484,F盘日本骑兵.txt,0
JUQ-489,E盘日本骑兵.txt,0
JUQ-516,E盘日本骑兵.txt,0
JUQ-532,E盘日本骑兵.txt,0
JUQ-551,E盘日本骑兵.txt,0
JUQ-563,E盘日本骑兵.txt,0
JUQ-569,E盘日本骑兵.txt,0
JUQ-578,E盘日本骑兵.txt,0
JUQ-581,E盘日本骑兵.txt,0
JUQ-587,F盘日本骑兵.txt,0
JUQ-608,E盘日本骑兵.txt,0
JUQ-609,"E盘日本骑兵.txt, F盘日本骑兵.txt",1
JUQ-612,E盘日本骑兵.txt,0
JUQ-626,E盘日本骑兵.txt,0
JUQ-632,E盘日本骑兵.txt,0
JUQ-642,E盘日本骑兵.txt,0
JUQ-654,E盘日本骑兵.txt,0
JUQ-665,E盘日本骑兵.txt,0
JUQ-672,E盘日本骑兵.txt,0
JUQ-679,F盘日本骑兵.txt,0
JUQ-687,E盘日本骑兵.txt,0
JUQ-696,F盘日本骑兵.txt,0
JUQ-701,E盘日本骑兵.txt,0
JUQ-704,F盘日本骑兵.txt,0
JUQ-708,F盘日本骑兵.txt,0
JUQ-710,F盘日本骑兵.txt,0
JUQ-712,F盘日本骑兵.txt,0
JUQ-720,"E盘日本骑兵.txt, F盘日本骑兵.txt",1
JUQ-723,F盘日本骑兵.txt,0
JUQ-734,E盘日本骑兵.txt,0
JUQ-750,F盘日本骑兵.txt,0
JUQ-770,F盘日本骑兵.txt,0
JUQ-782,F盘日本骑兵.txt,0
JUQ-803,F盘日本骑兵.txt,0
JUQ-808,E盘日本骑兵.txt,0
JUQ-813,F盘日本骑兵.txt,0
JUQ-814,F盘日本骑兵.txt,0
JUQ-819,F盘日本骑兵.txt,0
JUQ-825,F盘日本骑兵.txt,0
JUQ-830,F盘日本骑兵.txt,0
JUQ-843,F盘日本骑兵.txt,0
JUQ-846,F盘日本骑兵.txt,0
JUQ-861,E盘日本骑兵.txt,0
JUQ-864,F盘日本骑兵.txt,0
JUQ-867,F盘日本骑兵.txt,0
JUQ-876,F盘日本骑兵.txt,0
JUQ-885,F盘日本骑兵.txt,0
JUQ-887,115网盘数据.txt,0
JUQ-901,F盘日本骑兵.txt,0
JUQ-918,E盘日本骑兵.txt,0
JUQ-919,F盘日本骑兵.txt,0
JUQ-924,F盘日本骑兵.txt,0
JUQ-933,F盘日本骑兵.txt,0
JUQ-942,F盘日本骑兵.txt,0
JUQ-943,E盘日本骑兵.txt,0
JUQ-945,"E盘日本骑兵.txt, F盘日本骑兵.txt",1
JUQ-965,E盘日本骑兵.txt,0
JUQ-969,F盘日本骑兵.txt,0
JUQ-976,E盘日本骑兵.txt,0
JUQ-979,F盘日本骑兵.txt,0
JUR-005,F盘日本骑兵.txt,0
JUR-020,F盘日本骑兵.txt,0
JUR-044,F盘日本骑兵.txt,0
JUR-110,F盘日本骑兵.txt,0
JUR-116,E盘日本骑兵.txt,0
JUR-129,F盘日本骑兵.txt,0
JUR-131,F盘日本骑兵.txt,0
JUR-143,F盘日本骑兵.txt,0
JUR-148,"115网盘数据.txt, E盘日本骑兵.txt",1
JUR-159,F盘日本骑兵.txt,0
JUR-165,F盘日本骑兵.txt,0
JUR-187,F盘日本骑兵.txt,0
JUR-194,F盘日本骑兵.txt,0
JUR-210,F盘日本骑兵.txt,0
JUR-242,F盘日本骑兵.txt,0
JUR-250,F盘日本骑兵.txt,0
JUR-289,F盘日本骑兵.txt,0
JUR-290,F盘日本骑兵.txt,0
JUR-291,F盘日本骑兵.txt,0
JUR-292,F盘日本骑兵.txt,0
JUR-304,F盘日本骑兵.txt,0
JUR-306,F盘日本骑兵.txt,0
JUR-312,F盘日本骑兵.txt,0
JUR-315,F盘日本骑兵.txt,0
JUR-321,F盘日本骑兵.txt,0
JUR-325,F盘日本骑兵.txt,0
JUR-330,115网盘数据.txt,0
JUR-347,F盘日本骑兵.txt,0
JUR-352,F盘日本骑兵.txt,0
JUR-356,115网盘数据.txt,0
JUR-365,F盘日本骑兵.txt,0
JUR-371,115网盘数据.txt,0
JUR-377,F盘日本骑兵.txt,0
JUR-380,F盘日本骑兵.txt,0
JUR-383,F盘日本骑兵.txt,0
JUR-391,115网盘数据.txt,0
JUR-393,115网盘数据.txt,0
JUR-401,F盘日本骑兵.txt,0
JUR-403,115网盘数据.txt,0
JUR-407,F盘日本骑兵.txt,0
JUR-422,115网盘数据.txt,0
JUR-431,115网盘数据.txt,0
JUR-434,115网盘数据.txt,0
JUR-438,115网盘数据.txt,0
JUR-439,115网盘数据.txt,0
JUR-444,115网盘数据.txt,0
JUR-446,115网盘数据.txt,0
JUR-447,115网盘数据.txt,0
JUR-450,115网盘数据.txt,0
JUR-455,115网盘数据.txt,0
JUR-460,115网盘数据.txt,0
JUR-466,115网盘数据.txt,0
JUR-477,115网盘数据.txt,0
JUR-483,115网盘数据.txt,0
JUR-494,115网盘数据.txt,0
JUR-495,115网盘数据.txt,0
JUR-496,115网盘数据.txt,0
JUR-501,115网盘数据.txt,0
JUR-506,115网盘数据.txt,0
JUR-510,115网盘数据.txt,0
JUR-511,115网盘数据.txt,0
JUR-516,115网盘数据.txt,0
JUR-527,115网盘数据.txt,0
JUR-535,115网盘数据.txt,0
JUR-540,115网盘数据.txt,0
JUR-541,115网盘数据.txt,0
JUR-550,115网盘数据.txt,0
JUR-552,115网盘数据.txt,0
JUR-557,115网盘数据.txt,0
JUR-560,115网盘数据.txt,0
JUR-564,115网盘数据.txt,0
JUR-566,115网盘数据.txt,0
JUR-568,115网盘数据.txt,0
JUR-582,115网盘数据.txt,0
JUR-583,115网盘数据.txt,0
JUR-604,115网盘数据.txt,0
JUR-606,115网盘数据.txt,0
JUR-608,115网盘数据.txt,0
JUR-619,115网盘数据.txt,0
JUR-637,115网盘数据.txt,0
JUR-642,115网盘数据.txt,0
JUR-656,115网盘数据.txt,0
JURA-105,E盘日本骑兵.txt,0
JURA-68,115网盘数据.txt,0
JUTA-177,115网盘数据.txt,0
JUX-259,E盘日本骑兵.txt,0
JUX-530,F盘日本骑兵.txt,0
JUX-547,E盘日本骑兵.txt,0
JUX-773,F盘日本骑兵.txt,0
JUY-063,F盘日本骑兵.txt,0
JUY-072,E盘日本骑兵.txt,0
JUY-137,E盘日本骑兵.txt,0
JUY-216,E盘日本骑兵.txt,0
JUY-457,E盘日本骑兵.txt,0
JUY-507,"115网盘数据.txt, E盘日本骑兵.txt",1
JUY-572,E盘日本骑兵.txt,0
JUY-608,E盘日本骑兵.txt,0
JUY-664,E盘日本骑兵.txt,0
JUY-717,E盘日本骑兵.txt,0
JUY-840,E盘日本骑兵.txt,0
JUY-844,E盘日本骑兵.txt,0
JUY-937,115网盘数据.txt,0
JUY-979,E盘日本骑兵.txt,0
JUY-996,E盘日本骑兵.txt,0
JYMA-029,E盘日本骑兵.txt,0
JYMA-037,E盘日本骑兵.txt,0
JYMA-088,115网盘数据.txt,0
KAM-061,F盘日本骑兵.txt,0
KAM-121,E盘日本骑兵.txt,0
KAM-218,F盘日本骑兵.txt,0
KAM-235,F盘日本骑兵.txt,0
KAM-236,F盘日本骑兵.txt,0
KAMEF-108,115网盘数据.txt,0
KATU-005,E盘日本骑兵.txt,0
KATU-033,E盘日本骑兵.txt,0
KATU-042,E盘日本骑兵.txt,0
KATU-058,E盘日本骑兵.txt,0
KATU-059,E盘日本骑兵.txt,0
KATU-062,E盘日本骑兵.txt,0
KATU-064,E盘日本骑兵.txt,0
KATU-066,E盘日本骑兵.txt,0
KATU-067,E盘日本骑兵.txt,0
KATU-068,E盘日本骑兵.txt,0
KATU-070,E盘日本骑兵.txt,0
KATU-071,E盘日本骑兵.txt,0
KATU-074,E盘日本骑兵.txt,0
KATU-076,E盘日本骑兵.txt,0
KATU-078,E盘日本骑兵.txt,0
KATU-079,E盘日本骑兵.txt,0
KATU-080,E盘日本骑兵.txt,0
KATU-081,E盘日本骑兵.txt,0
KATU-082,E盘日本骑兵.txt,0
KATU-084,E盘日本骑兵.txt,0
KATU-087,E盘日本骑兵.txt,0
KATU-090,E盘日本骑兵.txt,0
KATU-091,E盘日本骑兵.txt,0
KATU-092,E盘日本骑兵.txt,0
KATU-094,E盘日本骑兵.txt,0
KATU-095,E盘日本骑兵.txt,0
KATU-099,E盘日本骑兵.txt,0
KATU-100,E盘日本骑兵.txt,0
KATU-113,E盘日本骑兵.txt,0
KATU-117,E盘日本骑兵.txt,0
KATU-122,E盘日本骑兵.txt,0
KATU-124,E盘日本骑兵.txt,0
KATU-127,E盘日本骑兵.txt,0
KATU-128,F盘日本骑兵.txt,0
KATU-129,E盘日本骑兵.txt,0
KATU-131,E盘日本骑兵.txt,0
KATU-134,E盘日本骑兵.txt,0
KATU-136,E盘日本骑兵.txt,0
KATU-137,E盘日本骑兵.txt,0
KBBA-002,E盘日本骑兵.txt,0
KBI-031,F盘日本骑兵.txt,0
KBI-053,F盘日本骑兵.txt,0
KBI-089,F盘日本骑兵.txt,0
KBI-095,F盘日本骑兵.txt,0
KBR-006,E盘日本骑兵.txt,0
KBR-007,E盘日本骑兵.txt,0
KBR-009,E盘日本骑兵.txt,0
KBR-024,F盘日本骑兵.txt,0
KBR-026,F盘日本骑兵.txt,0
KBR-030,115网盘数据.txt,0
KGR-001,F盘日本骑兵.txt,0
KHIP-005,E盘日本骑兵.txt,0
KHIP-008,E盘日本骑兵.txt,0
KHIP-012,E盘日本骑兵.txt,0
KHIP-014,E盘日本骑兵.txt,0
KHIP-018,E盘日本骑兵.txt,0
KHIP-020,E盘日本骑兵.txt,0
KHSK-001,F盘日本骑兵.txt,0
KHSK-002,F盘日本骑兵.txt,0
KHSK-003,115网盘数据.txt,0
KIL-103,F盘日本骑兵.txt,0
KING-113,E盘日本骑兵.txt,0
KIRE-050,E盘日本骑兵.txt,0
KK-063,F盘日本骑兵.txt,0
KKBW-004,E盘日本骑兵.txt,0
KKBW-005,E盘日本骑兵.txt,0
KKBW-007,E盘日本骑兵.txt,0
KKBW-010,E盘日本骑兵.txt,0
KKBW-011,E盘日本骑兵.txt,0
KKBW-012,E盘日本骑兵.txt,0
KKBW-013,E盘日本骑兵.txt,0
KKBW-014,E盘日本骑兵.txt,0
KKBW-015,E盘日本骑兵.txt,0
KKBW-018,E盘日本骑兵.txt,0
KNAM-084,115网盘数据.txt,0
KNCS-023,F盘日本骑兵.txt,0
KSBJ-304,F盘日本骑兵.txt,0
KSBJ-313,E盘日本骑兵.txt,0
KSBJ-363,F盘日本骑兵.txt,0
KSFN-014,E盘日本骑兵.txt,0
KSJK-012,E盘日本骑兵.txt,0
KTB-005,E盘日本骑兵.txt,0
KTB-013,F盘日本骑兵.txt,0
KTB-017,E盘日本骑兵.txt,0
KTB-020,E盘日本骑兵.txt,0
KTB-021,E盘日本骑兵.txt,0
KTB-028,E盘日本骑兵.txt,0
KTB-030,E盘日本骑兵.txt,0
KTB-037,E盘日本骑兵.txt,0
KTB-038,E盘日本骑兵.txt,0
KTB-043,E盘日本骑兵.txt,0
KTB-045,E盘日本骑兵.txt,0
KTB-046,E盘日本骑兵.txt,0
KTB-047,E盘日本骑兵.txt,0
KTB-048,E盘日本骑兵.txt,0
KTB-053,E盘日本骑兵.txt,0
KTB-064,E盘日本骑兵.txt,0
KTB-066,E盘日本骑兵.txt,0
KTB-074,E盘日本骑兵.txt,0
KTB-084,F盘日本骑兵.txt,0
KTB-085,F盘日本骑兵.txt,0
KTB-086,F盘日本骑兵.txt,0
KTB-097,F盘日本骑兵.txt,0
KTB-107,115网盘数据.txt,0
KTEH-001,115网盘数据.txt,0
KTFT-008,E盘日本骑兵.txt,0
KTSN-004,F盘日本骑兵.txt,0
KTVE-001,E盘日本骑兵.txt,0
KTVE-002,E盘日本骑兵.txt,0
KTVE-003,E盘日本骑兵.txt,0
KUSE-034,E盘日本骑兵.txt,0
KV-302,115网盘数据.txt,0
KVDD-123,E盘日本骑兵.txt,0
KYMI-033,F盘日本骑兵.txt,0
KYMI-043,F盘日本骑兵.txt,0
LAFBD-29,E盘日本骑兵.txt,0
LEGSJAPAN-984,E盘日本骑兵.txt,0
LLDV-124,E盘日本骑兵.txt,0
LLDV-146,E盘日本骑兵.txt,0
LUCY-021,115网盘数据.txt,0
LULU-001,E盘日本骑兵.txt,0
LULU-010,E盘日本骑兵.txt,0
LULU-054,F盘日本骑兵.txt,0
LULU-060,E盘日本骑兵.txt,0
LULU-074,E盘日本骑兵.txt,0
LULU-080,E盘日本骑兵.txt,0
LULU-119,E盘日本骑兵.txt,0
LULU-129,E盘日本骑兵.txt,0
LULU-133,E盘日本骑兵.txt,0
LULU-139,E盘日本骑兵.txt,0
LULU-149,E盘日本骑兵.txt,0
LULU-152,E盘日本骑兵.txt,0
LULU-153,E盘日本骑兵.txt,0
LULU-158,E盘日本骑兵.txt,0
LULU-169,E盘日本骑兵.txt,0
LULU-197,E盘日本骑兵.txt,0
LULU-210,E盘日本骑兵.txt,0
LULU-224,E盘日本骑兵.txt,0
LULU-234,E盘日本骑兵.txt,0
LULU-238,E盘日本骑兵.txt,0
LULU-243,E盘日本骑兵.txt,0
LULU-245,E盘日本骑兵.txt,0
LULU-248,E盘日本骑兵.txt,0
LULU-249,E盘日本骑兵.txt,0
LULU-251,"115网盘数据.txt, E盘日本骑兵.txt",1
LULU-254,E盘日本骑兵.txt,0
LULU-257,E盘日本骑兵.txt,0
LULU-258,E盘日本骑兵.txt,0
LULU-284,F盘日本骑兵.txt,0
LULU-289,E盘日本骑兵.txt,0
LULU-297,F盘日本骑兵.txt,0
LULU-298,F盘日本骑兵.txt,0
LULU-317,F盘日本骑兵.txt,0
LULU-330,F盘日本骑兵.txt,0
LULU-332,F盘日本骑兵.txt,0
LULU-334,F盘日本骑兵.txt,0
LULU-338,F盘日本骑兵.txt,0
LULU-340,F盘日本骑兵.txt,0
LULU-351,F盘日本骑兵.txt,0
LULU-380,F盘日本骑兵.txt,0
LULU-393,F盘日本骑兵.txt,0
LULU-397,115网盘数据.txt,0
LULU-398,115网盘数据.txt,0
LULU-399,115网盘数据.txt,0
LULU-402,115网盘数据.txt,0
LULU-404,115网盘数据.txt,0
LULU-405,115网盘数据.txt,0
LULU-409,115网盘数据.txt,0
LULU-415,115网盘数据.txt,0
LULU-418,115网盘数据.txt,0
LZWM-005,F盘日本骑兵.txt,0
MAAN-954,E盘日本骑兵.txt,0
MAAN-988,F盘日本骑兵.txt,0
MADM-182,E盘日本骑兵.txt,0
MADM-185,F盘日本骑兵.txt,0
MADV-550,E盘日本骑兵.txt,0
MADV-551,E盘日本骑兵.txt,0
MADV-553,E盘日本骑兵.txt,0
MADV-566,F盘日本骑兵.txt,0
MADV-568,E盘日本骑兵.txt,0
MADV-572,F盘日本骑兵.txt,0
MADV-581,F盘日本骑兵.txt,0
MADV-592,F盘日本骑兵.txt,0
MADV-595,F盘日本骑兵.txt,0
MADV-596,F盘日本骑兵.txt,0
MANX-005,E盘日本骑兵.txt,0
MBRK-012,F盘日本骑兵.txt,0
MDB-591,F盘日本骑兵.txt,0
MDB-604,F盘日本骑兵.txt,0
MDBK-207,E盘日本骑兵.txt,0
MDBK-264,E盘日本骑兵.txt,0
MDBK-289,E盘日本骑兵.txt,0
MDBK-302,E盘日本骑兵.txt,0
MDBK-313,F盘日本骑兵.txt,0
MDBK-343,F盘日本骑兵.txt,0
MDON-085,115网盘数据.txt,0
MDS-900,E盘日本骑兵.txt,0
MDSR-001,E盘日本骑兵.txt,0
MDYD-343,E盘日本骑兵.txt,0
MDYD-541,F盘日本骑兵.txt,0
MDYD-754,F盘日本骑兵.txt,0
MDYD-791,E盘日本骑兵.txt,0
MDYD-810,F盘日本骑兵.txt,0
MDYD-911,F盘日本骑兵.txt,0
MEKO-293,115网盘数据.txt,0
MEKO-320,F盘日本骑兵.txt,0
MEKO-335,"115网盘数据.txt, F盘日本骑兵.txt",1
MEKO-338,115网盘数据.txt,0
MESU-103,F盘日本骑兵.txt,0
MESU-136,115网盘数据.txt,0
MEYD-103,"E盘日本骑兵.txt, F盘日本骑兵.txt",1
MEYD-107,F盘日本骑兵.txt,0
MEYD-126,F盘日本骑兵.txt,0
MEYD-531,E盘日本骑兵.txt,0
MEYD-568,E盘日本骑兵.txt,0
MEYD-584,F盘日本骑兵.txt,0
MEYD-605,E盘日本骑兵.txt,0
MEYD-613,E盘日本骑兵.txt,0
MEYD-652,E盘日本骑兵.txt,0
MEYD-684,E盘日本骑兵.txt,0
MEYD-695,E盘日本骑兵.txt,0
MEYD-733,E盘日本骑兵.txt,0
MEYD-800,115网盘数据.txt,0
MEYD-831,E盘日本骑兵.txt,0
MEYD-844,E盘日本骑兵.txt,0
MEYD-855,115网盘数据.txt,0
MEYD-861,E盘日本骑兵.txt,0
MEYD-877,115网盘数据.txt,0
MEYD-880,E盘日本骑兵.txt,0
MEYD-881,E盘日本骑兵.txt,0
MEYD-890,"E盘日本骑兵.txt, F盘日本骑兵.txt",1
MEYD-909,E盘日本骑兵.txt,0
MEYD-914,E盘日本骑兵.txt,0
MEYD-923,F盘日本骑兵.txt,0
MFYD-013,F盘日本骑兵.txt,0
MFYD-024,F盘日本骑兵.txt,0
MFYD-028,F盘日本骑兵.txt,0
MFYD-032,115网盘数据.txt,0
MGNL-128,115网盘数据.txt,0
MGOLD-043,115网盘数据.txt,0
MIAA-00160,E盘日本骑兵.txt,0
MIAA-028,E盘日本骑兵.txt,0
MIAA-051,F盘日本骑兵.txt,0
MIAA-081,E盘日本骑兵.txt,0
MIAA-099,E盘日本骑兵.txt,0
MIAA-119,E盘日本骑兵.txt,0
MIAA-157,E盘日本骑兵.txt,0
MIAA-190,E盘日本骑兵.txt,0
MIAA-214,E盘日本骑兵.txt,0
MIAA-249,E盘日本骑兵.txt,0
MIAA-255,F盘日本骑兵.txt,0
MIAA-270,E盘日本骑兵.txt,0
MIAA-299,E盘日本骑兵.txt,0
MIAA-307,E盘日本骑兵.txt,0
MIAA-320,E盘日本骑兵.txt,0
MIAA-355,E盘日本骑兵.txt,0
MIAA-370,E盘日本骑兵.txt,0
MIAA-440,E盘日本骑兵.txt,0
MIAA-478,E盘日本骑兵.txt,0
MIAA-482,E盘日本骑兵.txt,0
MIAA-483,E盘日本骑兵.txt,0
MIAA-495,E盘日本骑兵.txt,0
MIAA-508,E盘日本骑兵.txt,0
MIAA-519,E盘日本骑兵.txt,0
MIAA-520,F盘日本骑兵.txt,0
MIAA-548,E盘日本骑兵.txt,0
MIAA-551,E盘日本骑兵.txt,0
MIAA-586,E盘日本骑兵.txt,0
MIAA-598,E盘日本骑兵.txt,0
MIAA-604,E盘日本骑兵.txt,0
MIAA-606,E盘日本骑兵.txt,0
MIAA-611,E盘日本骑兵.txt,0
MIAA-613,E盘日本骑兵.txt,0
MIAA-618,E盘日本骑兵.txt,0
MIAA-625,E盘日本骑兵.txt,0
MIAA-647,E盘日本骑兵.txt,0
MIAA-688,F盘日本骑兵.txt,0
MIAA-730,E盘日本骑兵.txt,0
MIAA-759,E盘日本骑兵.txt,0
MIAA-819,E盘日本骑兵.txt,0
MIAA-823,E盘日本骑兵.txt,0
MIAA-845,"115网盘数据.txt, E盘日本骑兵.txt",1
MIAA-939,F盘日本骑兵.txt,0
MIAA-968,E盘日本骑兵.txt,0
MIAB-009,E盘日本骑兵.txt,0
MIAB-014,E盘日本骑兵.txt,0
MIAB-043,E盘日本骑兵.txt,0
MIAB-072,"115网盘数据.txt, E盘日本骑兵.txt",1
MIAB-086,E盘日本骑兵.txt,0
MIAB-088,E盘日本骑兵.txt,0
MIAB-099,E盘日本骑兵.txt,0
MIAB-102,E盘日本骑兵.txt,0
MIAB-104,E盘日本骑兵.txt,0
MIAB-128,E盘日本骑兵.txt,0
MIAB-139,E盘日本骑兵.txt,0
MIAB-142,E盘日本骑兵.txt,0
MIAB-143,E盘日本骑兵.txt,0
MIAB-159,E盘日本骑兵.txt,0
MIAB-201,F盘日本骑兵.txt,0
MIAB-245,E盘日本骑兵.txt,0
MIAB-259,F盘日本骑兵.txt,0
MIAB-317,F盘日本骑兵.txt,0
MIAB-355,115网盘数据.txt,0
MIAB-360,F盘日本骑兵.txt,0
MIAB-418,F盘日本骑兵.txt,0
MIAB-427,F盘日本骑兵.txt,0
MIAB-431,F盘日本骑兵.txt,0
MIAB-462,F盘日本骑兵.txt,0
MIAB-474,F盘日本骑兵.txt,0
MIAB-488,F盘日本骑兵.txt,0
MIAB-502,F盘日本骑兵.txt,0
MIAB-521,F盘日本骑兵.txt,0
MIAB-534,115网盘数据.txt,0
MIAB-575,115网盘数据.txt,0
MIAD-593,"E盘日本骑兵.txt, F盘日本骑兵.txt",1
MIAD-632,E盘日本骑兵.txt,0
MIAD-657,E盘日本骑兵.txt,0
MIAD-663,E盘日本骑兵.txt,0
MIAD-685,E盘日本骑兵.txt,0
MIAD-705,F盘日本骑兵.txt,0
MIAD-711,E盘日本骑兵.txt,0
MIAD-760,F盘日本骑兵.txt,0
MIAD-907,F盘日本骑兵.txt,0
MIAE-043,F盘日本骑兵.txt,0
MIBB-049,F盘日本骑兵.txt,0
MIBB-058,F盘日本骑兵.txt,0
MIDA-007,F盘日本骑兵.txt,0
MIDA-008,F盘日本骑兵.txt,0
MIDA-029,F盘日本骑兵.txt,0
MIDA-040,F盘日本骑兵.txt,0
MIDA-067,F盘日本骑兵.txt,0
MIDA-089,115网盘数据.txt,0
MIDA-125,F盘日本骑兵.txt,0
MIDA-134,F盘日本骑兵.txt,0
MIDA-139,F盘日本骑兵.txt,0
MIDA-141,F盘日本骑兵.txt,0
MIDA-143,F盘日本骑兵.txt,0
MIDA-144,F盘日本骑兵.txt,0
MIDA-145,F盘日本骑兵.txt,0
MIDA-161,F盘日本骑兵.txt,0
MIDA-163,F盘日本骑兵.txt,0
MIDA-183,F盘日本骑兵.txt,0
MIDA-200,F盘日本骑兵.txt,0
MIDA-204,F盘日本骑兵.txt,0
MIDA-234,F盘日本骑兵.txt,0
MIDA-241,F盘日本骑兵.txt,0
MIDA-256,F盘日本骑兵.txt,0
MIDA-324,115网盘数据.txt,0
MIDA-344,115网盘数据.txt,0
MIDA-356,115网盘数据.txt,0
MIDA-402,115网盘数据.txt,0
MIDA-406,115网盘数据.txt,0
MIDA-472,115网盘数据.txt,0
MIDD-785,E盘日本骑兵.txt,0
MIDE-020,E盘日本骑兵.txt,0
MIDE-075,E盘日本骑兵.txt,0
MIDE-095,F盘日本骑兵.txt,0
MIDE-128,E盘日本骑兵.txt,0
MIDE-175,F盘日本骑兵.txt,0
MIDE-307,E盘日本骑兵.txt,0
MIDE-487,F盘日本骑兵.txt,0
MIDE-596,E盘日本骑兵.txt,0
MIDE-615,E盘日本骑兵.txt,0
MIDE-712,F盘日本骑兵.txt,0
MIDE-735,E盘日本骑兵.txt,0
MIDE-750,E盘日本骑兵.txt,0
MIDE-762,E盘日本骑兵.txt,0
MIDE-776,E盘日本骑兵.txt,0
MIDE-837,E盘日本骑兵.txt,0
MIDE-909,E盘日本骑兵.txt,0
MIDE-934,E盘日本骑兵.txt,0
MIDE-936,E盘日本骑兵.txt,0
MIDE-970,E盘日本骑兵.txt,0
MIDV-046,E盘日本骑兵.txt,0
MIDV-082,E盘日本骑兵.txt,0
MIDV-176,E盘日本骑兵.txt,0
MIDV-189,E盘日本骑兵.txt,0
MIDV-240,E盘日本骑兵.txt,0
MIDV-245,E盘日本骑兵.txt,0
MIDV-246,F盘日本骑兵.txt,0
MIDV-286,E盘日本骑兵.txt,0
MIDV-308,"E盘日本骑兵.txt, F盘日本骑兵.txt",1
MIDV-401,E盘日本骑兵.txt,0
MIDV-402,E盘日本骑兵.txt,0
MIDV-460,"115网盘数据.txt, E盘日本骑兵.txt",1
MIDV-488,E盘日本骑兵.txt,0
MIDV-550,115网盘数据.txt,0
MIDV-611,F盘日本骑兵.txt,0
MIDV-640,E盘日本骑兵.txt,0
MIDV-657,E盘日本骑兵.txt,0
MIDV-673,E盘日本骑兵.txt,0
MIDV-675,E盘日本骑兵.txt,0
MIDV-727,E盘日本骑兵.txt,0
MIDV-760,F盘日本骑兵.txt,0
MIDV-835,F盘日本骑兵.txt,0
MIDV-857,E盘日本骑兵.txt,0
MIDV-858,115网盘数据.txt,0
MIDV-890,F盘日本骑兵.txt,0
MIDV-988,F盘日本骑兵.txt,0
MIDV-999,E盘日本骑兵.txt,0
MIFD-086,E盘日本骑兵.txt,0
MIKR-023,F盘日本骑兵.txt,0
MIKR-028,F盘日本骑兵.txt,0
MIKR-051,115网盘数据.txt,0
MIKR-060,115网盘数据.txt,0
MILK-269,115网盘数据.txt,0
MIMK-056,E盘日本骑兵.txt,0
MIMK-057,E盘日本骑兵.txt,0
MIMK-061,E盘日本骑兵.txt,0
MIMK-062,E盘日本骑兵.txt,0
MIMK-070,E盘日本骑兵.txt,0
MIMK-085,E盘日本骑兵.txt,0
MIMK-087,E盘日本骑兵.txt,0
MIMK-090,E盘日本骑兵.txt,0
MIMK-091,E盘日本骑兵.txt,0
MIMK-095,E盘日本骑兵.txt,0
MIMK-096,115网盘数据.txt,0
MIMK-098,E盘日本骑兵.txt,0
MIMK-101,E盘日本骑兵.txt,0
MIMK-103,E盘日本骑兵.txt,0
MIMK-104,E盘日本骑兵.txt,0
MIMK-105,E盘日本骑兵.txt,0
MIMK-108,E盘日本骑兵.txt,0
MIMK-111,E盘日本骑兵.txt,0
MIMK-115,E盘日本骑兵.txt,0
MIMK-122,E盘日本骑兵.txt,0
MIMK-123,E盘日本骑兵.txt,0
MIMK-127,E盘日本骑兵.txt,0
MIMK-129,E盘日本骑兵.txt,0
MIMK-139,E盘日本骑兵.txt,0
MIMK-140,E盘日本骑兵.txt,0
MIMK-142,F盘日本骑兵.txt,0
MIMK-156,F盘日本骑兵.txt,0
MIMK-158,E盘日本骑兵.txt,0
MIMK-198,115网盘数据.txt,0
MIMK-217,F盘日本骑兵.txt,0
MIMK-230,F盘日本骑兵.txt,0
MIMK-231,F盘日本骑兵.txt,0
MIMK-232,F盘日本骑兵.txt,0
MIMU-024,F盘日本骑兵.txt,0
MIRD-131,F盘日本骑兵.txt,0
MIRD-226,E盘日本骑兵.txt,0
MIRD-232,E盘日本骑兵.txt,0
MIRD-244,F盘日本骑兵.txt,0
MIRD-246,F盘日本骑兵.txt,0
MIRD-250,F盘日本骑兵.txt,0
MIRD-259,F盘日本骑兵.txt,0
MISM-179,F盘日本骑兵.txt,0
MISM-305,E盘日本骑兵.txt,0
MISM-356,E盘日本骑兵.txt,0
MISM-417,115网盘数据.txt,0
MIST-294,E盘日本骑兵.txt,0
MIUM-1228,F盘日本骑兵.txt,0
MIUM-899,E盘日本骑兵.txt,0
MKMP-392,E盘日本骑兵.txt,0
MKMP-447,E盘日本骑兵.txt,0
MKMP-463,E盘日本骑兵.txt,0
MKMP-549,E盘日本骑兵.txt,0
MKMP-556,E盘日本骑兵.txt,0
MKMP-633,F盘日本骑兵.txt,0
MKMP-636,F盘日本骑兵.txt,0
MKMP-649,F盘日本骑兵.txt,0
MKMP-668,115网盘数据.txt,0
MKMP-690,115网盘数据.txt,0
MKON-083,F盘日本骑兵.txt,0
MKON-086,E盘日本骑兵.txt,0
MLP-002,E盘日本骑兵.txt,0
MLP-003,E盘日本骑兵.txt,0
MLP-004,E盘日本骑兵.txt,0
MLP-005,E盘日本骑兵.txt,0
MLP-006,E盘日本骑兵.txt,0
MLP-007,E盘日本骑兵.txt,0
MLP-008,F盘日本骑兵.txt,0
MMGH-251,E盘日本骑兵.txt,0
MMGH-281,E盘日本骑兵.txt,0
MMYM-057,E盘日本骑兵.txt,0
MMYM-060,E盘日本骑兵.txt,0
MNGS-006,F盘日本骑兵.txt,0
MOND-001,F盘日本骑兵.txt,0
MOND-002,F盘日本骑兵.txt,0
MOND-038,"115网盘数据.txt, F盘日本骑兵.txt",1
MOND-211,E盘日本骑兵.txt,0
MOND-213,E盘日本骑兵.txt,0
MOND-239,E盘日本骑兵.txt,0
MOND-250,E盘日本骑兵.txt,0
MOND-264,E盘日本骑兵.txt,0
MOND-280,F盘日本骑兵.txt,0
MOND-291,F盘日本骑兵.txt,0
MOON-022,E盘日本骑兵.txt,0
MOON-026,E盘日本骑兵.txt,0
MOON-044,F盘日本骑兵.txt,0
MRHP-003,F盘日本骑兵.txt,0
MRHP-008,E盘日本骑兵.txt,0
MRHP-011,E盘日本骑兵.txt,0
MRHP-014,E盘日本骑兵.txt,0
MRHP-017,115网盘数据.txt,0
MRHP-018,E盘日本骑兵.txt,0
MRHP-020,E盘日本骑兵.txt,0
MRHP-021,E盘日本骑兵.txt,0
MRHP-022,E盘日本骑兵.txt,0
MRHP-025,E盘日本骑兵.txt,0
MRHP-027,"115网盘数据.txt, E盘日本骑兵.txt",1
MRHP-028,E盘日本骑兵.txt,0
MRHP-030,F盘日本骑兵.txt,0
MRHP-033,E盘日本骑兵.txt,0
MRHP-040,F盘日本骑兵.txt,0
MRHP-047,F盘日本骑兵.txt,0
MRHP-048,F盘日本骑兵.txt,0
MRSS-052,E盘日本骑兵.txt,0
MRSS-058,E盘日本骑兵.txt,0
MRSS-059,E盘日本骑兵.txt,0
MRSS-073,F盘日本骑兵.txt,0
MRSS-079,E盘日本骑兵.txt,0
MRSS-087,E盘日本骑兵.txt,0
MRSS-089,F盘日本骑兵.txt,0
MRSS-095,E盘日本骑兵.txt,0
MRSS-097,F盘日本骑兵.txt,0
MRSS-126,E盘日本骑兵.txt,0
MRSS-144,115网盘数据.txt,0
MRSS-156,F盘日本骑兵.txt,0
MRSS-172,115网盘数据.txt,0
MRSS-176,115网盘数据.txt,0
MRSS-179,115网盘数据.txt,0
MSAJ-005,E盘日本骑兵.txt,0
MSAJ-006,E盘日本骑兵.txt,0
MSAJ-007,E盘日本骑兵.txt,0
MSAJ-008,E盘日本骑兵.txt,0
MSAJ-009,E盘日本骑兵.txt,0
MSAJ-010,E盘日本骑兵.txt,0
MSAJ-011,E盘日本骑兵.txt,0
MSAJ-012,E盘日本骑兵.txt,0
MSAJ-013,E盘日本骑兵.txt,0
MSAJ-014,E盘日本骑兵.txt,0
MSAJ-016,115网盘数据.txt,0
MSAJ-018,115网盘数据.txt,0
MSAJ-019,115网盘数据.txt,0
MSET-001,E盘日本骑兵.txt,0
MSFH-018,E盘日本骑兵.txt,0
MSFH-061,E盘日本骑兵.txt,0
MTALL-103,"E盘日本骑兵.txt, F盘日本骑兵.txt",1
MTALL-115,E盘日本骑兵.txt,0
MTALL-136,F盘日本骑兵.txt,0
MTES-110,E盘日本骑兵.txt,0
MTES-119,E盘日本骑兵.txt,0
MUDR-006,E盘日本骑兵.txt,0
MUDR-040,E盘日本骑兵.txt,0
MUDR-041,E盘日本骑兵.txt,0
MUDR-125,E盘日本骑兵.txt,0
MUDR-198,E盘日本骑兵.txt,0
MUDR-214,E盘日本骑兵.txt,0
MUDR-226,E盘日本骑兵.txt,0
MUDR-235,E盘日本骑兵.txt,0
MUDR-250,115网盘数据.txt,0
MUDR-296,E盘日本骑兵.txt,0
MUDR-334,115网盘数据.txt,0
MUKD-478,E盘日本骑兵.txt,0
MUKD-484,E盘日本骑兵.txt,0
MUKD-551,115网盘数据.txt,0
MUSK-010,E盘日本骑兵.txt,0
MVSD-212,F盘日本骑兵.txt,0
MVSD-432,E盘日本骑兵.txt,0
MVSD-433,E盘日本骑兵.txt,0
MVSD-438,F盘日本骑兵.txt,0
MVSD-467,E盘日本骑兵.txt,0
MVSD-471,F盘日本骑兵.txt,0
MVSD-473,E盘日本骑兵.txt,0
MVSD-475,E盘日本骑兵.txt,0
MVSD-499,E盘日本骑兵.txt,0
MVSD-512,E盘日本骑兵.txt,0
MVSD-545,F盘日本骑兵.txt,0
MVSD-652,"115网盘数据.txt, F盘日本骑兵.txt",1
MVSD-656,115网盘数据.txt,0
MVSD-658,115网盘数据.txt,0
MVSD-662,115网盘数据.txt,0
MXBD-218,E盘日本骑兵.txt,0
MXGS-102,F盘日本骑兵.txt,0
MXGS-1044,E盘日本骑兵.txt,0
MXGS-1093,E盘日本骑兵.txt,0
MXGS-148,F盘日本骑兵.txt,0
MXGS-694,F盘日本骑兵.txt,0
MXGS-697,F盘日本骑兵.txt,0
MXGS-741,F盘日本骑兵.txt,0
MXGS-784,F盘日本骑兵.txt,0
MXGS-788,F盘日本骑兵.txt,0
MXGS-859,F盘日本骑兵.txt,0
MXGS-861,F盘日本骑兵.txt,0
MXGS-868,F盘日本骑兵.txt,0
MXGS-891,F盘日本骑兵.txt,0
MXGS-912,F盘日本骑兵.txt,0
MYAB-001,E盘日本骑兵.txt,0
MYAB-004,E盘日本骑兵.txt,0
NACR-414,E盘日本骑兵.txt,0
NACR-672,E盘日本骑兵.txt,0
NACR-828,F盘日本骑兵.txt,0
NACT-005,115网盘数据.txt,0
NACT-008,"115网盘数据.txt, F盘日本骑兵.txt",1
NACT-021,115网盘数据.txt,0
NADE-958,E盘日本骑兵.txt,0
NAMH-048,115网盘数据.txt,0
NASH-857,E盘日本骑兵.txt,0
NASK-140,F盘日本骑兵.txt,0
NATR-511,E盘日本骑兵.txt,0
NBES-059,115网盘数据.txt,0
NDRA-004,E盘日本骑兵.txt,0
NDRA-010,F盘日本骑兵.txt,0
NDRA-018,F盘日本骑兵.txt,0
NDRA-028,E盘日本骑兵.txt,0
NDRA-031,F盘日本骑兵.txt,0
NDRA-042,E盘日本骑兵.txt,0
NDRA-067,E盘日本骑兵.txt,0
NDRA-083,E盘日本骑兵.txt,0
NDRA-086,E盘日本骑兵.txt,0
NDRA-088,E盘日本骑兵.txt,0
NDRA-089,E盘日本骑兵.txt,0
NDRA-092,E盘日本骑兵.txt,0
NDRA-093,E盘日本骑兵.txt,0
NDRA-094,E盘日本骑兵.txt,0
NDRA-095,E盘日本骑兵.txt,0
NDRA-098,E盘日本骑兵.txt,0
NDRA-099,E盘日本骑兵.txt,0
NDRA-100,E盘日本骑兵.txt,0
NDRA-101,E盘日本骑兵.txt,0
NDRA-102,E盘日本骑兵.txt,0
NDRA-103,E盘日本骑兵.txt,0
NDRA-104,E盘日本骑兵.txt,0
NDRA-107,E盘日本骑兵.txt,0
NDRA-108,E盘日本骑兵.txt,0
NDRA-109,E盘日本骑兵.txt,0
NDRA-110,E盘日本骑兵.txt,0
NDRA-112,E盘日本骑兵.txt,0
NDRA-120,F盘日本骑兵.txt,0
NDRA-121,F盘日本骑兵.txt,0
NDWQ-003,E盘日本骑兵.txt,0
NEO-818,F盘日本骑兵.txt,0
NGHJ-012,F盘日本骑兵.txt,0
NGOD-020,F盘日本骑兵.txt,0
NGOD-046,E盘日本骑兵.txt,0
NGOD-144,E盘日本骑兵.txt,0
NGOD-145,E盘日本骑兵.txt,0
NGOD-147,115网盘数据.txt,0
NGOD-172,E盘日本骑兵.txt,0
NGOD-181,E盘日本骑兵.txt,0
NGOD-184,E盘日本骑兵.txt,0
NGOD-204,E盘日本骑兵.txt,0
NGOD-241,E盘日本骑兵.txt,0
NGOD-243,F盘日本骑兵.txt,0
NGOD-253,"115网盘数据.txt, F盘日本骑兵.txt",1
NGOD-295,115网盘数据.txt,0
NGOD-306,115网盘数据.txt,0
NHDTA-609,E盘日本骑兵.txt,0
NHDTA-611,E盘日本骑兵.txt,0
NHDTA-630,F盘日本骑兵.txt,0
NHDTA-655,F盘日本骑兵.txt,0
NHDTA-668,E盘日本骑兵.txt,0
NHDTA-808,E盘日本骑兵.txt,0
NHDTA-997,E盘日本骑兵.txt,0
NHDTB-077,E盘日本骑兵.txt,0
NHDTB-111,E盘日本骑兵.txt,0
NHDTB-130,E盘日本骑兵.txt,0
NHDTB-161,E盘日本骑兵.txt,0
NHDTB-181,F盘日本骑兵.txt,0
NHDTB-203,E盘日本骑兵.txt,0
NHDTB-223,F盘日本骑兵.txt,0
NHDTB-234,F盘日本骑兵.txt,0
NHDTB-238,E盘日本骑兵.txt,0
NHDTB-254,F盘日本骑兵.txt,0
NHDTB-257,E盘日本骑兵.txt,0
NHDTB-297,E盘日本骑兵.txt,0
NHDTB-338,E盘日本骑兵.txt,0
NHDTB-410,E盘日本骑兵.txt,0
NHDTB-411,E盘日本骑兵.txt,0
NHDTB-439,F盘日本骑兵.txt,0
NHDTB-463,E盘日本骑兵.txt,0
NHDTB-492,F盘日本骑兵.txt,0
NHDTB-504,E盘日本骑兵.txt,0
NHDTB-506,F盘日本骑兵.txt,0
NHDTB-518,E盘日本骑兵.txt,0
NHDTB-530,E盘日本骑兵.txt,0
NHDTB-572,E盘日本骑兵.txt,0
NHDTB-573,E盘日本骑兵.txt,0
NHDTB-598,E盘日本骑兵.txt,0
NHDTB-613,E盘日本骑兵.txt,0
NHDTB-634,115网盘数据.txt,0
NHDTB-637,E盘日本骑兵.txt,0
NHDTB-639,E盘日本骑兵.txt,0
NHDTB-655,E盘日本骑兵.txt,0
NHDTB-668,E盘日本骑兵.txt,0
NHDTB-674,E盘日本骑兵.txt,0
NHDTB-693,115网盘数据.txt,0
NHDTB-702,E盘日本骑兵.txt,0
NHDTB-736,E盘日本骑兵.txt,0
NHDTB-775,E盘日本骑兵.txt,0
NHDTB-799,F盘日本骑兵.txt,0
NHDTB-80003,E盘日本骑兵.txt,0
NHDTB-81901,F盘日本骑兵.txt,0
NHDTB-822,E盘日本骑兵.txt,0
NHDTB-880,115网盘数据.txt,0
NHDTB-88003,F盘日本骑兵.txt,0
NHDTB-883,E盘日本骑兵.txt,0
NHDTB-896,E盘日本骑兵.txt,0
NHDTB-906,E盘日本骑兵.txt,0
NHDTB-921,E盘日本骑兵.txt,0
NHDTB-92301,E盘日本骑兵.txt,0
NHDTB-925,F盘日本骑兵.txt,0
NHDTB-926,115网盘数据.txt,0
NHDTB-927,F盘日本骑兵.txt,0
NHDTB-929,F盘日本骑兵.txt,0
NHDTB-938,E盘日本骑兵.txt,0
NHDTB-93802,F盘日本骑兵.txt,0
NHDTB-972,F盘日本骑兵.txt,0
NHDTB-984,E盘日本骑兵.txt,0
NHDTC-010,115网盘数据.txt,0
NHDTC-015,115网盘数据.txt,0
NHDTC-041,115网盘数据.txt,0
NHDTC-042,115网盘数据.txt,0
NHDTC-055,115网盘数据.txt,0
NHDTC-066,115网盘数据.txt,0
NHDTC-074,115网盘数据.txt,0
NHDTC-099,115网盘数据.txt,0
NHDTC-113,115网盘数据.txt,0
NHDTC-118,115网盘数据.txt,0
NHDTC-123,115网盘数据.txt,0
NHDTC-130,115网盘数据.txt,0
NHDTC-142,115网盘数据.txt,0
NHDTC-150,115网盘数据.txt,0
NIMA-012,E盘日本骑兵.txt,0
NIMA-017,E盘日本骑兵.txt,0
NIMA-018,E盘日本骑兵.txt,0
NIMA-020,E盘日本骑兵.txt,0
NIMA-022,E盘日本骑兵.txt,0
NIMA-023,F盘日本骑兵.txt,0
NIMA-024,F盘日本骑兵.txt,0
NIMA-027,E盘日本骑兵.txt,0
NIMA-037,F盘日本骑兵.txt,0
NIMA-041,F盘日本骑兵.txt,0
NIMA-054,F盘日本骑兵.txt,0
NIMA-055,F盘日本骑兵.txt,0
NITR-120,F盘日本骑兵.txt,0
NITR-179,F盘日本骑兵.txt,0
NITR-184,F盘日本骑兵.txt,0
NITR-223,F盘日本骑兵.txt,0
NITR-248,F盘日本骑兵.txt,0
NITR-282,E盘日本骑兵.txt,0
NITR-367,F盘日本骑兵.txt,0
NITR-442,F盘日本骑兵.txt,0
NITR-443,F盘日本骑兵.txt,0
NITR-445,F盘日本骑兵.txt,0
NITR-461,F盘日本骑兵.txt,0
NITR-462,E盘日本骑兵.txt,0
NITR-467,F盘日本骑兵.txt,0
NITR-473,F盘日本骑兵.txt,0
NITR-478,F盘日本骑兵.txt,0
NITR-480,F盘日本骑兵.txt,0
NITR-483,F盘日本骑兵.txt,0
NITR-486,F盘日本骑兵.txt,0
NITR-490,F盘日本骑兵.txt,0
NITR-492,F盘日本骑兵.txt,0
NITR-501,F盘日本骑兵.txt,0
NITR-512,F盘日本骑兵.txt,0
NITR-515,F盘日本骑兵.txt,0
NITR-516,F盘日本骑兵.txt,0
NITR-520,E盘日本骑兵.txt,0
NITR-521,F盘日本骑兵.txt,0
NITR-523,F盘日本骑兵.txt,0
NITR-526,E盘日本骑兵.txt,0
NITR-530,F盘日本骑兵.txt,0
NITR-534,F盘日本骑兵.txt,0
NITR-536,E盘日本骑兵.txt,0
NITR-544,F盘日本骑兵.txt,0
NJP-001,E盘日本骑兵.txt,0
NKKD-140,E盘日本骑兵.txt,0
NKKD-200,F盘日本骑兵.txt,0
NKKD-213,E盘日本骑兵.txt,0
NKKD-225,F盘日本骑兵.txt,0
NKKD-319,E盘日本骑兵.txt,0
NMSL-001,F盘日本骑兵.txt,0
NMSL-002,F盘日本骑兵.txt,0
NMSL-003,F盘日本骑兵.txt,0
NMSL-004,F盘日本骑兵.txt,0
NMSL-005,F盘日本骑兵.txt,0
NMSL-006,F盘日本骑兵.txt,0
NMSL-007,F盘日本骑兵.txt,0
NMSL-008,F盘日本骑兵.txt,0
NMSL-009,F盘日本骑兵.txt,0
NMSL-010,F盘日本骑兵.txt,0
NMSL-011,F盘日本骑兵.txt,0
NMSL-013,F盘日本骑兵.txt,0
NMSL-016,115网盘数据.txt,0
NMSL-017,115网盘数据.txt,0
NMSL-019,115网盘数据.txt,0
NMSL-024,115网盘数据.txt,0
NMSL-027,115网盘数据.txt,0
NMSL-028,115网盘数据.txt,0
NMSL-029,115网盘数据.txt,0
NMSL-030,115网盘数据.txt,0
NMSL-031,115网盘数据.txt,0
NNPJ-524,E盘日本骑兵.txt,0
NOP-011,E盘日本骑兵.txt,0
NOP-014,E盘日本骑兵.txt,0
NOP-026,E盘日本骑兵.txt,0
NOSKN-068,E盘日本骑兵.txt,0
NPH-016,E盘日本骑兵.txt,0
NPH-018,E盘日本骑兵.txt,0
NPH-039,E盘日本骑兵.txt,0
NPH-040,E盘日本骑兵.txt,0
NPH-044,E盘日本骑兵.txt,0
NPH-045,E盘日本骑兵.txt,0
NPH-066,E盘日本骑兵.txt,0
NPH-067,E盘日本骑兵.txt,0
NPH-068,E盘日本骑兵.txt,0
NPH-070,E盘日本骑兵.txt,0
NPJS-036,F盘日本骑兵.txt,0
NPJS-050,F盘日本骑兵.txt,0
NSFS-003,E盘日本骑兵.txt,0
NSFS-008,E盘日本骑兵.txt,0
NSFS-063,E盘日本骑兵.txt,0
NSFS-064,E盘日本骑兵.txt,0
NSFS-071,E盘日本骑兵.txt,0
NSFS-077,E盘日本骑兵.txt,0
NSFS-079,E盘日本骑兵.txt,0
NSFS-081,E盘日本骑兵.txt,0
NSFS-099,E盘日本骑兵.txt,0
NSFS-101,E盘日本骑兵.txt,0
NSFS-111,E盘日本骑兵.txt,0
NSFS-123,E盘日本骑兵.txt,0
NSFS-135,E盘日本骑兵.txt,0
NSFS-147,E盘日本骑兵.txt,0
NSFS-167,E盘日本骑兵.txt,0
NSFS-175,E盘日本骑兵.txt,0
NSFS-179,F盘日本骑兵.txt,0
NSFS-188,E盘日本骑兵.txt,0
NSFS-211,E盘日本骑兵.txt,0
NSFS-221,E盘日本骑兵.txt,0
NSFS-301,115网盘数据.txt,0
NSFS-351,115网盘数据.txt,0
NSFS-353,F盘日本骑兵.txt,0
NSFS-355,F盘日本骑兵.txt,0
NSFS-359,F盘日本骑兵.txt,0
NSFS-360,F盘日本骑兵.txt,0
NSFS-361,F盘日本骑兵.txt,0
NSFS-373,F盘日本骑兵.txt,0
NSFS-389,F盘日本骑兵.txt,0
NSFS-409,115网盘数据.txt,0
NSFS-413,115网盘数据.txt,0
NSFS-417,115网盘数据.txt,0
NSFS-425,115网盘数据.txt,0
NSFS-432,115网盘数据.txt,0
NSFS-436,115网盘数据.txt,0
NSODN-002,115网盘数据.txt,0
NSODN-003,115网盘数据.txt,0
NSODN-010,115网盘数据.txt,0
NSODN-013,115网盘数据.txt,0
NSPS-001,F盘日本骑兵.txt,0
NSPS-003,F盘日本骑兵.txt,0
NSPS-006,F盘日本骑兵.txt,0
NSPS-011,F盘日本骑兵.txt,0
NSPS-019,F盘日本骑兵.txt,0
NSPS-029,F盘日本骑兵.txt,0
NSPS-030,F盘日本骑兵.txt,0
NSPS-031,F盘日本骑兵.txt,0
NSPS-033,F盘日本骑兵.txt,0
NSPS-035,F盘日本骑兵.txt,0
NSPS-041,F盘日本骑兵.txt,0
NSPS-047,F盘日本骑兵.txt,0
NSPS-061,F盘日本骑兵.txt,0
NSPS-062,F盘日本骑兵.txt,0
NSPS-063,F盘日本骑兵.txt,0
NSPS-065,F盘日本骑兵.txt,0
NSPS-066,F盘日本骑兵.txt,0
NSPS-067,F盘日本骑兵.txt,0
NSPS-069,F盘日本骑兵.txt,0
NSPS-070,E盘日本骑兵.txt,0
NSPS-073,F盘日本骑兵.txt,0
NSPS-074,E盘日本骑兵.txt,0
NSPS-078,F盘日本骑兵.txt,0
NSPS-079,F盘日本骑兵.txt,0
NSPS-085,F盘日本骑兵.txt,0
NSPS-086,E盘日本骑兵.txt,0
NSPS-087,E盘日本骑兵.txt,0
NSPS-089,F盘日本骑兵.txt,0
NSPS-090,F盘日本骑兵.txt,0
NSPS-091,E盘日本骑兵.txt,0
NSPS-094,F盘日本骑兵.txt,0
NSPS-098,F盘日本骑兵.txt,0
NSPS-099,F盘日本骑兵.txt,0
NSPS-101,F盘日本骑兵.txt,0
NSPS-109,F盘日本骑兵.txt,0
NSPS-110,F盘日本骑兵.txt,0
NSPS-115,F盘日本骑兵.txt,0
NSPS-117,F盘日本骑兵.txt,0
NSPS-119,F盘日本骑兵.txt,0
NSPS-120,F盘日本骑兵.txt,0
NSPS-125,F盘日本骑兵.txt,0
NSPS-126,F盘日本骑兵.txt,0
NSPS-129,F盘日本骑兵.txt,0
NSPS-130,E盘日本骑兵.txt,0
NSPS-134,E盘日本骑兵.txt,0
NSPS-135,F盘日本骑兵.txt,0
NSPS-136,F盘日本骑兵.txt,0
NSPS-141,F盘日本骑兵.txt,0
NSPS-142,F盘日本骑兵.txt,0
NSPS-148,F盘日本骑兵.txt,0
NSPS-152,F盘日本骑兵.txt,0
NSPS-166,F盘日本骑兵.txt,0
NSPS-169,F盘日本骑兵.txt,0
NSPS-183,F盘日本骑兵.txt,0
NSPS-196,F盘日本骑兵.txt,0
NSPS-210,F盘日本骑兵.txt,0
NSPS-216,F盘日本骑兵.txt,0
NSPS-218,F盘日本骑兵.txt,0
NSPS-223,E盘日本骑兵.txt,0
NSPS-250,F盘日本骑兵.txt,0
NSPS-306,E盘日本骑兵.txt,0
NSPS-323,E盘日本骑兵.txt,0
NSPS-389,F盘日本骑兵.txt,0
NSPS-442,F盘日本骑兵.txt,0
NSPS-475,F盘日本骑兵.txt,0
NSPS-483,F盘日本骑兵.txt,0
NSPS-484,E盘日本骑兵.txt,0
NSPS-521,F盘日本骑兵.txt,0
NSPS-543,F盘日本骑兵.txt,0
NSPS-554,F盘日本骑兵.txt,0
NSPS-574,F盘日本骑兵.txt,0
NSPS-589,F盘日本骑兵.txt,0
NSPS-599,F盘日本骑兵.txt,0
NSPS-617,F盘日本骑兵.txt,0
NSPS-618,F盘日本骑兵.txt,0
NSPS-640,F盘日本骑兵.txt,0
NSPS-686,F盘日本骑兵.txt,0
NSPS-695,F盘日本骑兵.txt,0
NSPS-787,F盘日本骑兵.txt,0
NSPS-843,F盘日本骑兵.txt,0
NSPS-852,E盘日本骑兵.txt,0
NSPS-861,E盘日本骑兵.txt,0
NSPS-864,F盘日本骑兵.txt,0
NSPS-868,E盘日本骑兵.txt,0
NSPS-876,E盘日本骑兵.txt,0
NSPS-881,E盘日本骑兵.txt,0
NSPS-893,F盘日本骑兵.txt,0
NSPS-897,F盘日本骑兵.txt,0
NSPS-923,E盘日本骑兵.txt,0
NSPS-925,E盘日本骑兵.txt,0
NSPS-930,E盘日本骑兵.txt,0
NSPS-941,F盘日本骑兵.txt,0
NSPS-946,E盘日本骑兵.txt,0
NSPS-962,E盘日本骑兵.txt,0
NSPS-995,E盘日本骑兵.txt,0
NTRD-074,E盘日本骑兵.txt,0
NTRD-079,E盘日本骑兵.txt,0
NTRD-117,E盘日本骑兵.txt,0
NTRH-003,115网盘数据.txt,0
NTRH-016,115网盘数据.txt,0
NUBI-036,E盘日本骑兵.txt,0
OBA-124,E盘日本骑兵.txt,0
OBA-137,E盘日本骑兵.txt,0
OBA-156,E盘日本骑兵.txt,0
OBA-160,E盘日本骑兵.txt,0
OBA-170,E盘日本骑兵.txt,0
OBA-217,E盘日本骑兵.txt,0
OFES-006,F盘日本骑兵.txt,0
OFSD-016,F盘日本骑兵.txt,0
OHGG-001,F盘日本骑兵.txt,0
OHGG-002,F盘日本骑兵.txt,0
OKP-065,115网盘数据.txt,0
OLM-048,E盘日本骑兵.txt,0
OLM-060,F盘日本骑兵.txt,0
OLM-068,E盘日本骑兵.txt,0
OLM-088,F盘日本骑兵.txt,0
OLM-132,E盘日本骑兵.txt,0
OLM-143,F盘日本骑兵.txt,0
OLM-165,F盘日本骑兵.txt,0
OLM-187,F盘日本骑兵.txt,0
OLM-198,F盘日本骑兵.txt,0
OLM-208,F盘日本骑兵.txt,0
OLM-247,115网盘数据.txt,0
OLM-270,115网盘数据.txt,0
ONGP-097,F盘日本骑兵.txt,0
ONSG-098,115网盘数据.txt,0
OPKT-025,E盘日本骑兵.txt,0
OPKT-027,E盘日本骑兵.txt,0
OPKT-028,E盘日本骑兵.txt,0
OPKT-029,E盘日本骑兵.txt,0
OPKT-030,E盘日本骑兵.txt,0
OPKT-033,E盘日本骑兵.txt,0
OVG-170,E盘日本骑兵.txt,0
PFAS-015,F盘日本骑兵.txt,0
PFES-006,E盘日本骑兵.txt,0
PFES-013,F盘日本骑兵.txt,0
PFES-029,E盘日本骑兵.txt,0
PFES-039,E盘日本骑兵.txt,0
PFES-044,E盘日本骑兵.txt,0
PFES-046,E盘日本骑兵.txt,0
PFES-063,E盘日本骑兵.txt,0
PFES-068,E盘日本骑兵.txt,0
PFES-076,"E盘日本骑兵.txt, F盘日本骑兵.txt",1
PFES-081,E盘日本骑兵.txt,0
PFES-084,E盘日本骑兵.txt,0
PFES-085,F盘日本骑兵.txt,0
PFES-093,F盘日本骑兵.txt,0
PFES-094,"115网盘数据.txt, F盘日本骑兵.txt",1
PFES-098,F盘日本骑兵.txt,0
PFES-106,F盘日本骑兵.txt,0
PFES-107,F盘日本骑兵.txt,0
PFES-109,F盘日本骑兵.txt,0
PFT-001,E盘日本骑兵.txt,0
PFT-002,F盘日本骑兵.txt,0
PGD-736,E盘日本骑兵.txt,0
PGD-766,F盘日本骑兵.txt,0
PGD-808,F盘日本骑兵.txt,0
PGD-815,F盘日本骑兵.txt,0
PGD-820,F盘日本骑兵.txt,0
PGD-828,F盘日本骑兵.txt,0
PGD-896,E盘日本骑兵.txt,0
PGD-932,F盘日本骑兵.txt,0
PGD-936,F盘日本骑兵.txt,0
PIYO-193,E盘日本骑兵.txt,0
PIYO-224,115网盘数据.txt,0
PJAB-006,F盘日本骑兵.txt,0
PKPD-131,E盘日本骑兵.txt,0
PORN-009,F盘日本骑兵.txt,0
PPPD-293,E盘日本骑兵.txt,0
PPPD-341,E盘日本骑兵.txt,0
PPPD-354,F盘日本骑兵.txt,0
PPPD-363,E盘日本骑兵.txt,0
PPPD-451,F盘日本骑兵.txt,0
PPPD-475,E盘日本骑兵.txt,0
PPPD-715,E盘日本骑兵.txt,0
PPPD-740,E盘日本骑兵.txt,0
PPPD-859,F盘日本骑兵.txt,0
PPPD-870,E盘日本骑兵.txt,0
PPPD-927,E盘日本骑兵.txt,0
PPPD-945,E盘日本骑兵.txt,0
PPPE-071,E盘日本骑兵.txt,0
PPPE-077,E盘日本骑兵.txt,0
PPPE-115,E盘日本骑兵.txt,0
PPPE-117,E盘日本骑兵.txt,0
PPPE-150,E盘日本骑兵.txt,0
PPPE-153,E盘日本骑兵.txt,0
PPPE-239,E盘日本骑兵.txt,0
PPPE-266,F盘日本骑兵.txt,0
PPPE-302,F盘日本骑兵.txt,0
PRED-127,F盘日本骑兵.txt,0
PRED-193,E盘日本骑兵.txt,0
PRED-203,F盘日本骑兵.txt,0
PRED-241,E盘日本骑兵.txt,0
PRED-248,E盘日本骑兵.txt,0
PRED-256,E盘日本骑兵.txt,0
PRED-315,E盘日本骑兵.txt,0
PRED-316,E盘日本骑兵.txt,0
PRED-464,E盘日本骑兵.txt,0
PRED-482,"115网盘数据.txt, E盘日本骑兵.txt",1
PRED-483,E盘日本骑兵.txt,0
PRED-507,F盘日本骑兵.txt,0
PRED-516,F盘日本骑兵.txt,0
PRED-537,E盘日本骑兵.txt,0
PRED-672,"E盘日本骑兵.txt, F盘日本骑兵.txt",1
PRED-673,E盘日本骑兵.txt,0
PRED-680,F盘日本骑兵.txt,0
PRED-684,F盘日本骑兵.txt,0
PRED-691,F盘日本骑兵.txt,0
PRED-699,F盘日本骑兵.txt,0
PRED-709,E盘日本骑兵.txt,0
PRED-714,F盘日本骑兵.txt,0
PRED-715,115网盘数据.txt,0
PRED-717,F盘日本骑兵.txt,0
PRED-730,F盘日本骑兵.txt,0
PRED-731,F盘日本骑兵.txt,0
PRED-741,F盘日本骑兵.txt,0
PRED-743,F盘日本骑兵.txt,0
PRED-750,F盘日本骑兵.txt,0
PRED-757,F盘日本骑兵.txt,0
PRED-758,"115网盘数据.txt, F盘日本骑兵.txt",1
PRED-768,F盘日本骑兵.txt,0
PRED-769,F盘日本骑兵.txt,0
PRED-772,F盘日本骑兵.txt,0
PRED-784,F盘日本骑兵.txt,0
PRED-785,F盘日本骑兵.txt,0
PRED-786,F盘日本骑兵.txt,0
PRED-790,F盘日本骑兵.txt,0
PRED-792,115网盘数据.txt,0
PRED-799,115网盘数据.txt,0
PRED-809,115网盘数据.txt,0
PRED-812,115网盘数据.txt,0
PRED-817,115网盘数据.txt,0
PRED-819,115网盘数据.txt,0
PRED-820,115网盘数据.txt,0
PRED-821,115网盘数据.txt,0
PRED-823,115网盘数据.txt,0
PRTD-023,E盘日本骑兵.txt,0
PRTD-028,E盘日本骑兵.txt,0
PRTD-029,E盘日本骑兵.txt,0
PXH-028,E盘日本骑兵.txt,0
PYU-403,F盘日本骑兵.txt,0
QXSA-001,115网盘数据.txt,0
RABS-021,F盘日本骑兵.txt,0
RBD-879,115网盘数据.txt,0
RBD-991,F盘日本骑兵.txt,0
RBK-012,F盘日本骑兵.txt,0
RBK-093,F盘日本骑兵.txt,0
RBK-111,F盘日本骑兵.txt,0
RBK-113,F盘日本骑兵.txt,0
RBK-116,F盘日本骑兵.txt,0
RCT-441,E盘日本骑兵.txt,0
RCT-670,F盘日本骑兵.txt,0
RCT-699,F盘日本骑兵.txt,0
RCT-887,E盘日本骑兵.txt,0
RCTD-233,E盘日本骑兵.txt,0
RCTD-313,E盘日本骑兵.txt,0
RCTD-372,E盘日本骑兵.txt,0
RCTD-404,E盘日本骑兵.txt,0
RCTD-431,E盘日本骑兵.txt,0
RCTD-442,F盘日本骑兵.txt,0
RCTD-444,E盘日本骑兵.txt,0
RCTD-475,E盘日本骑兵.txt,0
RCTD-486,E盘日本骑兵.txt,0
RCTD-534,E盘日本骑兵.txt,0
RCTD-584,E盘日本骑兵.txt,0
RCTD-587,E盘日本骑兵.txt,0
RCTD-588,E盘日本骑兵.txt,0
RCTD-593,F盘日本骑兵.txt,0
RCTD-597,F盘日本骑兵.txt,0
RCTD-602,F盘日本骑兵.txt,0
RCTD-617,F盘日本骑兵.txt,0
RCTD-697,115网盘数据.txt,0
RCTD-708,115网盘数据.txt,0
REAL-678,F盘日本骑兵.txt,0
REAL-864,F盘日本骑兵.txt,0
REAL-867,F盘日本骑兵.txt,0
REAL-917,F盘日本骑兵.txt,0
REAL-922,F盘日本骑兵.txt,0
REAL-950,115网盘数据.txt,0
REAL-958,115网盘数据.txt,0
REAL-960,115网盘数据.txt,0
REXD-329,F盘日本骑兵.txt,0
REXD-367,E盘日本骑兵.txt,0
REXD-376,E盘日本骑兵.txt,0
REXD-377,E盘日本骑兵.txt,0
REXD-464,E盘日本骑兵.txt,0
REXD-469,E盘日本骑兵.txt,0
REXD-478,E盘日本骑兵.txt,0
REXD-486,E盘日本骑兵.txt,0
REXD-489,E盘日本骑兵.txt,0
REXD-499,E盘日本骑兵.txt,0
REXD-505,E盘日本骑兵.txt,0
REXD-509,E盘日本骑兵.txt,0
REXD-522,F盘日本骑兵.txt,0
REXD-523,F盘日本骑兵.txt,0
REXD-534,E盘日本骑兵.txt,0
REXD-537,E盘日本骑兵.txt,0
REXD-545,E盘日本骑兵.txt,0
REXD-553,F盘日本骑兵.txt,0
RKI-450,E盘日本骑兵.txt,0
RKI-491,E盘日本骑兵.txt,0
RKI-653,E盘日本骑兵.txt,0
RKI-655,E盘日本骑兵.txt,0
RKI-694,F盘日本骑兵.txt,0
RKI-704,F盘日本骑兵.txt,0
RKI-731,115网盘数据.txt,0
RMRJ-001,F盘日本骑兵.txt,0
ROE-010,E盘日本骑兵.txt,0
ROE-039,E盘日本骑兵.txt,0
ROE-083,E盘日本骑兵.txt,0
ROE-084,E盘日本骑兵.txt,0
ROE-121,E盘日本骑兵.txt,0
ROE-125,E盘日本骑兵.txt,0
ROE-137,E盘日本骑兵.txt,0
ROE-146,E盘日本骑兵.txt,0
ROE-175,E盘日本骑兵.txt,0
ROE-186,E盘日本骑兵.txt,0
ROE-208,F盘日本骑兵.txt,0
ROE-216,E盘日本骑兵.txt,0
ROE-217,E盘日本骑兵.txt,0
ROE-244,F盘日本骑兵.txt,0
ROE-251,F盘日本骑兵.txt,0
ROE-275,E盘日本骑兵.txt,0
ROE-300,F盘日本骑兵.txt,0
ROE-316,F盘日本骑兵.txt,0
ROE-318,F盘日本骑兵.txt,0
ROE-323,F盘日本骑兵.txt,0
ROE-369,F盘日本骑兵.txt,0
ROE-377,F盘日本骑兵.txt,0
ROE-383,F盘日本骑兵.txt,0
ROE-385,115网盘数据.txt,0
ROE-388,115网盘数据.txt,0
ROE-392,F盘日本骑兵.txt,0
ROE-393,115网盘数据.txt,0
ROE-397,115网盘数据.txt,0
ROE-398,115网盘数据.txt,0
ROE-402,115网盘数据.txt,0
ROE-408,115网盘数据.txt,0
ROE-417,115网盘数据.txt,0
ROE-420,115网盘数据.txt,0
ROE-430,115网盘数据.txt,0
ROE-431,115网盘数据.txt,0
ROE-453,115网盘数据.txt,0
ROYD-001,E盘日本骑兵.txt,0
ROYD-021,E盘日本骑兵.txt,0
ROYD-064,E盘日本骑兵.txt,0
ROYD-099,E盘日本骑兵.txt,0
ROYD-108,E盘日本骑兵.txt,0
ROYD-110,E盘日本骑兵.txt,0
ROYD-175,F盘日本骑兵.txt,0
ROYD-177,F盘日本骑兵.txt,0
ROYD-178,F盘日本骑兵.txt,0
ROYD-217,E盘日本骑兵.txt,0
ROYD-244,F盘日本骑兵.txt,0
ROYD-262,115网盘数据.txt,0
RTD-002,F盘日本骑兵.txt,0
RYZR-003,E盘日本骑兵.txt,0
RYZR-004,E盘日本骑兵.txt,0
SABA-850,E盘日本骑兵.txt,0
SAMA-454,F盘日本骑兵.txt,0
SAME-011,E盘日本骑兵.txt,0
SAME-012,F盘日本骑兵.txt,0
SAME-014,E盘日本骑兵.txt,0
SAME-015,E盘日本骑兵.txt,0
SAME-017,F盘日本骑兵.txt,0
SAME-018,E盘日本骑兵.txt,0
SAME-025,E盘日本骑兵.txt,0
SAME-032,F盘日本骑兵.txt,0
SAME-044,"E盘日本骑兵.txt, F盘日本骑兵.txt",1
SAME-046,E盘日本骑兵.txt,0
SAME-048,E盘日本骑兵.txt,0
SAME-081,115网盘数据.txt,0
SAME-090,"E盘日本骑兵.txt, F盘日本骑兵.txt",1
SAME-103,E盘日本骑兵.txt,0
SAME-117,F盘日本骑兵.txt,0
SAME-130,F盘日本骑兵.txt,0
SAME-142,F盘日本骑兵.txt,0
SAME-144,F盘日本骑兵.txt,0
SAME-166,115网盘数据.txt,0
SAME-171,115网盘数据.txt,0
SAME-187,F盘日本骑兵.txt,0
SAME-188,115网盘数据.txt,0
SAME-189,F盘日本骑兵.txt,0
SAME-190,F盘日本骑兵.txt,0
SAME-192,F盘日本骑兵.txt,0
SAME-197,115网盘数据.txt,0
SAME-204,115网盘数据.txt,0
SAN-178,F盘日本骑兵.txt,0
SBNR-008,F盘日本骑兵.txt,0
SBNR-012,F盘日本骑兵.txt,0
SBNR-023,F盘日本骑兵.txt,0
SBNR-031,F盘日本骑兵.txt,0
SBNR-033,F盘日本骑兵.txt,0
SBNR-054,F盘日本骑兵.txt,0
SBNR-174,F盘日本骑兵.txt,0
SBNR-319,F盘日本骑兵.txt,0
SBNR-322,F盘日本骑兵.txt,0
SBNR-325,F盘日本骑兵.txt,0
SBNR-343,F盘日本骑兵.txt,0
SBNR-344,F盘日本骑兵.txt,0
SBNR-349,F盘日本骑兵.txt,0
SBNR-350,F盘日本骑兵.txt,0
SBNR-351,E盘日本骑兵.txt,0
SBNR-356,F盘日本骑兵.txt,0
SBNR-358,F盘日本骑兵.txt,0
SBNR-364,F盘日本骑兵.txt,0
SBNR-382,F盘日本骑兵.txt,0
SBNR-390,F盘日本骑兵.txt,0
SBNR-392,F盘日本骑兵.txt,0
SBNS-007,F盘日本骑兵.txt,0
SBNS-016,F盘日本骑兵.txt,0
SBNS-039,F盘日本骑兵.txt,0
SBNS-046,F盘日本骑兵.txt,0
SBNS-053,F盘日本骑兵.txt,0
SBNS-058,F盘日本骑兵.txt,0
SBNS-059,F盘日本骑兵.txt,0
SBNS-062,F盘日本骑兵.txt,0
SBNS-063,F盘日本骑兵.txt,0
SBNS-066,F盘日本骑兵.txt,0
SBNS-067,F盘日本骑兵.txt,0
SBNS-070,F盘日本骑兵.txt,0
SBNS-072,F盘日本骑兵.txt,0
SBNS-075,F盘日本骑兵.txt,0
SBNS-076,F盘日本骑兵.txt,0
SBNS-078,F盘日本骑兵.txt,0
SBNS-079,F盘日本骑兵.txt,0
SBNS-080,F盘日本骑兵.txt,0
SBNS-083,F盘日本骑兵.txt,0
SBNS-086,F盘日本骑兵.txt,0
SBNS-087,F盘日本骑兵.txt,0
SBNS-088,F盘日本骑兵.txt,0
SBNS-091,F盘日本骑兵.txt,0
SCD-160,F盘日本骑兵.txt,0
SCD-228,E盘日本骑兵.txt,0
SCOP-677,E盘日本骑兵.txt,0
SCOP-768,E盘日本骑兵.txt,0
SCPX-544,115网盘数据.txt,0
SDAM-083,E盘日本骑兵.txt,0
SDAM-122,F盘日本骑兵.txt,0
SDDE-343,F盘日本骑兵.txt,0
SDDE-361,F盘日本骑兵.txt,0
SDDE-370,E盘日本骑兵.txt,0
SDDE-374,E盘日本骑兵.txt,0
SDDE-386,F盘日本骑兵.txt,0
SDDE-388,E盘日本骑兵.txt,0
SDDE-396,F盘日本骑兵.txt,0
SDDE-397,E盘日本骑兵.txt,0
SDDE-409,E盘日本骑兵.txt,0
SDDE-433,E盘日本骑兵.txt,0
SDDE-459,F盘日本骑兵.txt,0
SDDE-467,E盘日本骑兵.txt,0
SDDE-481,E盘日本骑兵.txt,0
SDDE-489,F盘日本骑兵.txt,0
SDDE-495,F盘日本骑兵.txt,0
SDDE-505,E盘日本骑兵.txt,0
SDDE-514,E盘日本骑兵.txt,0
SDDE-522,E盘日本骑兵.txt,0
SDDE-530,E盘日本骑兵.txt,0
SDDE-542,E盘日本骑兵.txt,0
SDDE-546,E盘日本骑兵.txt,0
SDDE-547,E盘日本骑兵.txt,0
SDDE-552,E盘日本骑兵.txt,0
SDDE-558,F盘日本骑兵.txt,0
SDDE-560,E盘日本骑兵.txt,0
SDDE-561,E盘日本骑兵.txt,0
SDDE-563,E盘日本骑兵.txt,0
SDDE-566,E盘日本骑兵.txt,0
SDDE-573,E盘日本骑兵.txt,0
SDDE-575,E盘日本骑兵.txt,0
SDDE-581,E盘日本骑兵.txt,0
SDDE-586,E盘日本骑兵.txt,0
SDDE-593,E盘日本骑兵.txt,0
SDDE-596,E盘日本骑兵.txt,0
SDDE-600,E盘日本骑兵.txt,0
SDDE-613,E盘日本骑兵.txt,0
SDDE-617,F盘日本骑兵.txt,0
SDDE-622,E盘日本骑兵.txt,0
SDDE-624,E盘日本骑兵.txt,0
SDDE-625,E盘日本骑兵.txt,0
SDDE-639,E盘日本骑兵.txt,0
SDDE-642,E盘日本骑兵.txt,0
SDDE-643,E盘日本骑兵.txt,0
SDDE-644,"115网盘数据.txt, E盘日本骑兵.txt",1
SDDE-652,E盘日本骑兵.txt,0
SDDE-653,E盘日本骑兵.txt,0
SDDE-665,E盘日本骑兵.txt,0
SDDE-666,E盘日本骑兵.txt,0
SDDE-673,E盘日本骑兵.txt,0
SDDE-679,E盘日本骑兵.txt,0
SDDE-682,E盘日本骑兵.txt,0
SDDE-695,E盘日本骑兵.txt,0
SDDE-705,E盘日本骑兵.txt,0
SDDE-706,F盘日本骑兵.txt,0
SDDE-712,E盘日本骑兵.txt,0
SDDE-713,E盘日本骑兵.txt,0
SDDE-720,E盘日本骑兵.txt,0
SDDE-735,F盘日本骑兵.txt,0
SDDE-737,F盘日本骑兵.txt,0
SDDE-740,E盘日本骑兵.txt,0
SDDE-745,F盘日本骑兵.txt,0
SDJS-028,E盘日本骑兵.txt,0
SDJS-209,E盘日本骑兵.txt,0
SDJS-291,F盘日本骑兵.txt,0
SDJS-312,115网盘数据.txt,0
SDJS-317,F盘日本骑兵.txt,0
SDJS-321,115网盘数据.txt,0
SDJS-324,F盘日本骑兵.txt,0
SDJS-330,115网盘数据.txt,0
SDJS-336,115网盘数据.txt,0
SDJS-343,115网盘数据.txt,0
SDMF-006,E盘日本骑兵.txt,0
SDMF-012,F盘日本骑兵.txt,0
SDMF-017,F盘日本骑兵.txt,0
SDMF-019,F盘日本骑兵.txt,0
SDMF-022,E盘日本骑兵.txt,0
SDMF-029,E盘日本骑兵.txt,0
SDMM-028,E盘日本骑兵.txt,0
SDMM-138,E盘日本骑兵.txt,0
SDMM-169,E盘日本骑兵.txt,0
SDMM-213,115网盘数据.txt,0
SDMT-769,E盘日本骑兵.txt,0
SDMU-147,E盘日本骑兵.txt,0
SDMU-179,E盘日本骑兵.txt,0
SDMU-725,E盘日本骑兵.txt,0
SDMU-750,F盘日本骑兵.txt,0
SDMU-947,E盘日本骑兵.txt,0
SDMU-963,E盘日本骑兵.txt,0
SDNM-305,E盘日本骑兵.txt,0
SDNM-355,E盘日本骑兵.txt,0
SDNT-005,F盘日本骑兵.txt,0
SENN-002,E盘日本骑兵.txt,0
SENN-069,"115网盘数据.txt, F盘日本骑兵.txt",1
SERO-284,115网盘数据.txt,0
SETM-038,F盘日本骑兵.txt,0
SGKI-010,E盘日本骑兵.txt,0
SGKI-013,F盘日本骑兵.txt,0
SGKI-014,E盘日本骑兵.txt,0
SGKI-019,E盘日本骑兵.txt,0
SGKI-040,F盘日本骑兵.txt,0
SGKI-066,115网盘数据.txt,0
SGKI-069,115网盘数据.txt,0
SGT-051,E盘日本骑兵.txt,0
SGT-052,F盘日本骑兵.txt,0
SGT-054,F盘日本骑兵.txt,0
SGT-055,E盘日本骑兵.txt,0
SGT-056,F盘日本骑兵.txt,0
SGT-058,115网盘数据.txt,0
SHKD-696,E盘日本骑兵.txt,0
SHKD-713,E盘日本骑兵.txt,0
SHKD-724,E盘日本骑兵.txt,0
SHKD-744,E盘日本骑兵.txt,0
SHKD-748,E盘日本骑兵.txt,0
SHKD-752,E盘日本骑兵.txt,0
SHKD-755,E盘日本骑兵.txt,0
SHKD-779,E盘日本骑兵.txt,0
SHKD-865,F盘日本骑兵.txt,0
SHKD-911,F盘日本骑兵.txt,0
SHKD-914,E盘日本骑兵.txt,0
SHKD-945,E盘日本骑兵.txt,0
SHKD-946,E盘日本骑兵.txt,0
SHKD-953,E盘日本骑兵.txt,0
SHKD-970,"115网盘数据.txt, F盘日本骑兵.txt",1
SHKD-972,E盘日本骑兵.txt,0
SHKD-988,E盘日本骑兵.txt,0
SKA-002,115网盘数据.txt,0
SKMJ-450,115网盘数据.txt,0
SKMJ-472,E盘日本骑兵.txt,0
SKMJ-685,115网盘数据.txt,0
SKMJ-705,115网盘数据.txt,0
SKMN-006,115网盘数据.txt,0
SKSK-005,F盘日本骑兵.txt,0
SKSK-044,E盘日本骑兵.txt,0
SKY-316,E盘日本骑兵.txt,0
SMKCX-003,E盘日本骑兵.txt,0
SMOK-008,E盘日本骑兵.txt,0
SMOK-009,F盘日本骑兵.txt,0
SMOK-010,F盘日本骑兵.txt,0
SMOK-018,F盘日本骑兵.txt,0
SMOK-019,F盘日本骑兵.txt,0
SMOK-020,115网盘数据.txt,0
SMOK-029,115网盘数据.txt,0
SNAMH-005,115网盘数据.txt,0
SNIS-302,F盘日本骑兵.txt,0
SNIS-441,E盘日本骑兵.txt,0
SNIS-842,E盘日本骑兵.txt,0
SNOS-030,115网盘数据.txt,0
SNOS-049,115网盘数据.txt,0
SNOS-062,115网盘数据.txt,0
SOAN-059,F盘日本骑兵.txt,0
SOAN-088,F盘日本骑兵.txt,0
SOAN-093,E盘日本骑兵.txt,0
SOAN-109,F盘日本骑兵.txt,0
SOAN-112,F盘日本骑兵.txt,0
SOAN-115,F盘日本骑兵.txt,0
SOAN-117,F盘日本骑兵.txt,0
SOAN-120,115网盘数据.txt,0
SODS-065,F盘日本骑兵.txt,0
SOE-364,E盘日本骑兵.txt,0
SOE-681,F盘日本骑兵.txt,0
SOE-719,F盘日本骑兵.txt,0
SONE-008,E盘日本骑兵.txt,0
SONE-012,F盘日本骑兵.txt,0
SONE-034,E盘日本骑兵.txt,0
SONE-051,E盘日本骑兵.txt,0
SONE-143,E盘日本骑兵.txt,0
SONE-146,F盘日本骑兵.txt,0
SONE-166,E盘日本骑兵.txt,0
SONE-176,F盘日本骑兵.txt,0
SONE-196,"E盘日本骑兵.txt, F盘日本骑兵.txt",1
SONE-263,F盘日本骑兵.txt,0
SONE-313,E盘日本骑兵.txt,0
SONE-344,F盘日本骑兵.txt,0
SONE-484,F盘日本骑兵.txt,0
SONE-496,E盘日本骑兵.txt,0
SONE-508,F盘日本骑兵.txt,0
SONE-521,F盘日本骑兵.txt,0
SONE-559,115网盘数据.txt,0
SONE-574,F盘日本骑兵.txt,0
SONE-576,F盘日本骑兵.txt,0
SONE-577,F盘日本骑兵.txt,0
SONE-625,F盘日本骑兵.txt,0
SONE-692,F盘日本骑兵.txt,0
SONE-705,F盘日本骑兵.txt,0
SONE-712,F盘日本骑兵.txt,0
SONE-729,F盘日本骑兵.txt,0
SONE-744,F盘日本骑兵.txt,0
SONE-748,115网盘数据.txt,0
SONE-760,F盘日本骑兵.txt,0
SONE-785,F盘日本骑兵.txt,0
SONE-791,F盘日本骑兵.txt,0
SONE-792,115网盘数据.txt,0
SONE-793,F盘日本骑兵.txt,0
SONE-842,F盘日本骑兵.txt,0
SONE-852,F盘日本骑兵.txt,0
SONE-917,115网盘数据.txt,0
SONE-964,115网盘数据.txt,0
SONE-973,115网盘数据.txt,0
SORA-015,F盘日本骑兵.txt,0
SORA-068,E盘日本骑兵.txt,0
SORA-118,115网盘数据.txt,0
SORA-218,F盘日本骑兵.txt,0
SORA-463,E盘日本骑兵.txt,0
SORA-482,115网盘数据.txt,0
SORA-583,F盘日本骑兵.txt,0
SORA-588,F盘日本骑兵.txt,0
SORA-610,115网盘数据.txt,0
SORA-612,115网盘数据.txt,0
SPAY-023,E盘日本骑兵.txt,0
SPAY-237,E盘日本骑兵.txt,0
SPAY-246,E盘日本骑兵.txt,0
SPAY-247,E盘日本骑兵.txt,0
SPAY-345,E盘日本骑兵.txt,0
SPAY-346,E盘日本骑兵.txt,0
SPAY-347,E盘日本骑兵.txt,0
SPRD-1136,E盘日本骑兵.txt,0
SPRD-1285,E盘日本骑兵.txt,0
SPRD-1329,E盘日本骑兵.txt,0
SPRD-1340,E盘日本骑兵.txt,0
SPRD-1363,E盘日本骑兵.txt,0
SPRD-1374,E盘日本骑兵.txt,0
SPRD-1378,E盘日本骑兵.txt,0
SPRD-1398,E盘日本骑兵.txt,0
SPRD-1407,E盘日本骑兵.txt,0
SPRD-1418,E盘日本骑兵.txt,0
SPRD-1428,E盘日本骑兵.txt,0
SPRD-1445,E盘日本骑兵.txt,0
SPRD-1447,E盘日本骑兵.txt,0
SPRD-1489,E盘日本骑兵.txt,0
SPRD-1494,E盘日本骑兵.txt,0
SPRD-1499,E盘日本骑兵.txt,0
SPRD-1502,E盘日本骑兵.txt,0
SPRD-1504,E盘日本骑兵.txt,0
SPRD-1508,E盘日本骑兵.txt,0
SPRD-1515,E盘日本骑兵.txt,0
SPRD-1524,E盘日本骑兵.txt,0
SPRD-329,115网盘数据.txt,0
SPRD-409,F盘日本骑兵.txt,0
SPRD-452,F盘日本骑兵.txt,0
SPRD-454,F盘日本骑兵.txt,0
SPRD-479,115网盘数据.txt,0
SPRD-482,F盘日本骑兵.txt,0
SPRD-536,F盘日本骑兵.txt,0
SPRD-561,F盘日本骑兵.txt,0
SPRD-601,E盘日本骑兵.txt,0
SPRD-606,115网盘数据.txt,0
SPRD-614,115网盘数据.txt,0
SPRD-641,E盘日本骑兵.txt,0
SPRD-649,115网盘数据.txt,0
SPRD-675,E盘日本骑兵.txt,0
SPRD-699,F盘日本骑兵.txt,0
SPRD-706,E盘日本骑兵.txt,0
SPRD-718,E盘日本骑兵.txt,0
SPRD-737,E盘日本骑兵.txt,0
SPRD-782,E盘日本骑兵.txt,0
SPRD-788,E盘日本骑兵.txt,0
SPRD-934,F盘日本骑兵.txt,0
SQIS-012,F盘日本骑兵.txt,0
SQIS-026,F盘日本骑兵.txt,0
SQIS-039,E盘日本骑兵.txt,0
SQIS-099,E盘日本骑兵.txt,0
SQIS-108,F盘日本骑兵.txt,0
SQIS-114,115网盘数据.txt,0
SSIS-057,E盘日本骑兵.txt,0
SSIS-081,E盘日本骑兵.txt,0
SSIS-082,E盘日本骑兵.txt,0
SSIS-105,E盘日本骑兵.txt,0
SSIS-135,E盘日本骑兵.txt,0
SSIS-139,F盘日本骑兵.txt,0
SSIS-157,E盘日本骑兵.txt,0
SSIS-233,E盘日本骑兵.txt,0
SSIS-372,E盘日本骑兵.txt,0
SSIS-437,E盘日本骑兵.txt,0
SSIS-441,E盘日本骑兵.txt,0
SSIS-465,E盘日本骑兵.txt,0
SSIS-584,E盘日本骑兵.txt,0
SSIS-588,E盘日本骑兵.txt,0
SSIS-622,E盘日本骑兵.txt,0
SSIS-625,E盘日本骑兵.txt,0
SSIS-645,E盘日本骑兵.txt,0
SSIS-646,E盘日本骑兵.txt,0
SSIS-650,E盘日本骑兵.txt,0
SSIS-656,E盘日本骑兵.txt,0
SSIS-659,E盘日本骑兵.txt,0
SSIS-669,E盘日本骑兵.txt,0
SSIS-695,E盘日本骑兵.txt,0
SSIS-698,E盘日本骑兵.txt,0
SSIS-706,E盘日本骑兵.txt,0
SSIS-743,E盘日本骑兵.txt,0
SSIS-770,E盘日本骑兵.txt,0
SSIS-776,E盘日本骑兵.txt,0
SSIS-784,F盘日本骑兵.txt,0
SSIS-804,E盘日本骑兵.txt,0
SSIS-810,E盘日本骑兵.txt,0
SSIS-840,E盘日本骑兵.txt,0
SSIS-858,E盘日本骑兵.txt,0
SSIS-865,E盘日本骑兵.txt,0
SSIS-881,F盘日本骑兵.txt,0
SSIS-950,F盘日本骑兵.txt,0
SSNI-177,E盘日本骑兵.txt,0
SSNI-221,E盘日本骑兵.txt,0
SSNI-392,E盘日本骑兵.txt,0
SSNI-454,E盘日本骑兵.txt,0
SSNI-497,E盘日本骑兵.txt,0
SSNI-521,E盘日本骑兵.txt,0
SSNI-603,E盘日本骑兵.txt,0
SSNI-624,E盘日本骑兵.txt,0
SSNI-650,E盘日本骑兵.txt,0
SSNI-708,E盘日本骑兵.txt,0
SSNI-763,E盘日本骑兵.txt,0
SSNI-830,E盘日本骑兵.txt,0
SSNI-832,E盘日本骑兵.txt,0
SSNI-913,E盘日本骑兵.txt,0
SSNI-992,E盘日本骑兵.txt,0
SSPD-175,F盘日本骑兵.txt,0
SSR-036,F盘日本骑兵.txt,0
STARS-043,E盘日本骑兵.txt,0
STARS-065,F盘日本骑兵.txt,0
STARS-081,E盘日本骑兵.txt,0
STARS-094,E盘日本骑兵.txt,0
STARS-171,E盘日本骑兵.txt,0
STARS-178,E盘日本骑兵.txt,0
STARS-224,E盘日本骑兵.txt,0
STARS-258,E盘日本骑兵.txt,0
STARS-359,E盘日本骑兵.txt,0
STARS-361,F盘日本骑兵.txt,0
STARS-416,E盘日本骑兵.txt,0
STARS-503,E盘日本骑兵.txt,0
STARS-530,F盘日本骑兵.txt,0
STARS-606,F盘日本骑兵.txt,0
STARS-729,E盘日本骑兵.txt,0
STARS-734,E盘日本骑兵.txt,0
STARS-800,F盘日本骑兵.txt,0
STARS-804,"115网盘数据.txt, E盘日本骑兵.txt",1
STARS-821,E盘日本骑兵.txt,0
STARS-822,E盘日本骑兵.txt,0
STARS-851,E盘日本骑兵.txt,0
STARS-891,F盘日本骑兵.txt,0
STARS-902,F盘日本骑兵.txt,0
STARS-916,E盘日本骑兵.txt,0
STARS-932,E盘日本骑兵.txt,0
STARS-979,"115网盘数据.txt, E盘日本骑兵.txt",1
STARS-994,E盘日本骑兵.txt,0
START-014,E盘日本骑兵.txt,0
START-031,E盘日本骑兵.txt,0
START-046,E盘日本骑兵.txt,0
START-048,E盘日本骑兵.txt,0
START-129,F盘日本骑兵.txt,0
START-158,F盘日本骑兵.txt,0
START-166,F盘日本骑兵.txt,0
START-169,115网盘数据.txt,0
START-184,E盘日本骑兵.txt,0
START-203,F盘日本骑兵.txt,0
START-244,E盘日本骑兵.txt,0
START-255,115网盘数据.txt,0
START-290,F盘日本骑兵.txt,0
START-297,F盘日本骑兵.txt,0
START-310,F盘日本骑兵.txt,0
START-314,F盘日本骑兵.txt,0
START-335,115网盘数据.txt,0
START-368,F盘日本骑兵.txt,0
START-372,F盘日本骑兵.txt,0
START-380,F盘日本骑兵.txt,0
START-384,115网盘数据.txt,0
START-392,115网盘数据.txt,0
START-406,115网盘数据.txt,0
START-415,115网盘数据.txt,0
START-419,115网盘数据.txt,0
START-438,115网盘数据.txt,0
START-443,115网盘数据.txt,0
START-444,115网盘数据.txt,0
START-445,115网盘数据.txt,0
START-451,115网盘数据.txt,0
START-453,115网盘数据.txt,0
START-464,115网盘数据.txt,0
START-476,115网盘数据.txt,0
START-477,115网盘数据.txt,0
STC-067,E盘日本骑兵.txt,0
STCVS-019,F盘日本骑兵.txt,0
STOL-079,115网盘数据.txt,0
STOL-091,E盘日本骑兵.txt,0
STOL-094,E盘日本骑兵.txt,0
STSK-007,E盘日本骑兵.txt,0
STSK-022,E盘日本骑兵.txt,0
STSK-047,E盘日本骑兵.txt,0
STSK-079,E盘日本骑兵.txt,0
STSK-180,F盘日本骑兵.txt,0
STSK-181,F盘日本骑兵.txt,0
STSK-201,115网盘数据.txt,0
SUWK-024,F盘日本骑兵.txt,0
SVCAO-006,E盘日本骑兵.txt,0
SVCAO-008,F盘日本骑兵.txt,0
SVCAO-009,F盘日本骑兵.txt,0
SVCAO-020,115网盘数据.txt,0
SVDVD-444,F盘日本骑兵.txt,0
SVDVD-473,F盘日本骑兵.txt,0
SVDVD-497,F盘日本骑兵.txt,0
SVDVD-665,F盘日本骑兵.txt,0
SVDVD-780,E盘日本骑兵.txt,0
SVDVD-793,E盘日本骑兵.txt,0
SVDVD-919,E盘日本骑兵.txt,0
SVDVD-931,E盘日本骑兵.txt,0
SVDVD-945,E盘日本骑兵.txt,0
SVDVD-949,E盘日本骑兵.txt,0
SVDVD-950,F盘日本骑兵.txt,0
SVDVD-962,F盘日本骑兵.txt,0
SVERS-002,F盘日本骑兵.txt,0
SVERS-004,115网盘数据.txt,0
SVERS-005,115网盘数据.txt,0
SVFLA-006,F盘日本骑兵.txt,0
SVFLA-010,115网盘数据.txt,0
SVFLA-011,115网盘数据.txt,0
SVGAL-023,115网盘数据.txt,0
SVMGM-030,E盘日本骑兵.txt,0
SVMGM-032,F盘日本骑兵.txt,0
SVMM-016,F盘日本骑兵.txt,0
SVSHA-003,E盘日本骑兵.txt,0
SVSHA-005,F盘日本骑兵.txt,0
SVSHA-006,E盘日本骑兵.txt,0
SVSHA-023,E盘日本骑兵.txt,0
SVSHA-027,F盘日本骑兵.txt,0
SVVRT-005,E盘日本骑兵.txt,0
SVVRT-056,E盘日本骑兵.txt,0
SVVRT-065,F盘日本骑兵.txt,0
SW-1002,F盘日本骑兵.txt,0
SW-1006,F盘日本骑兵.txt,0
SW-1007,F盘日本骑兵.txt,0
SW-1009,F盘日本骑兵.txt,0
SW-1011,F盘日本骑兵.txt,0
SW-1015,115网盘数据.txt,0
SW-1016,115网盘数据.txt,0
SW-1024,115网盘数据.txt,0
SW-1028,115网盘数据.txt,0
SW-1031,115网盘数据.txt,0
SW-1032,115网盘数据.txt,0
SW-1033,115网盘数据.txt,0
SW-390,F盘日本骑兵.txt,0
SW-399,F盘日本骑兵.txt,0
SW-426,F盘日本骑兵.txt,0
SW-612,E盘日本骑兵.txt,0
SW-653,E盘日本骑兵.txt,0
SW-685,E盘日本骑兵.txt,0
SW-755,E盘日本骑兵.txt,0
SW-782,E盘日本骑兵.txt,0
SW-788,E盘日本骑兵.txt,0
SW-801,E盘日本骑兵.txt,0
SW-806,E盘日本骑兵.txt,0
SW-809,E盘日本骑兵.txt,0
SW-814,E盘日本骑兵.txt,0
SW-819,"115网盘数据.txt, E盘日本骑兵.txt",1
SW-826,E盘日本骑兵.txt,0
SW-834,E盘日本骑兵.txt,0
SW-855,E盘日本骑兵.txt,0
SW-867,E盘日本骑兵.txt,0
SW-872,F盘日本骑兵.txt,0
SW-890,E盘日本骑兵.txt,0
SW-907,E盘日本骑兵.txt,0
SW-911,E盘日本骑兵.txt,0
SW-912,E盘日本骑兵.txt,0
SW-932,E盘日本骑兵.txt,0
SW-945,E盘日本骑兵.txt,0
SW-952,F盘日本骑兵.txt,0
SW-953,E盘日本骑兵.txt,0
SW-955,F盘日本骑兵.txt,0
SW-958,F盘日本骑兵.txt,0
SW-972,F盘日本骑兵.txt,0
SW-989,F盘日本骑兵.txt,0
SW-991,F盘日本骑兵.txt,0
SW-992,F盘日本骑兵.txt,0
SYKH-014,E盘日本骑兵.txt,0
SYKH-104,E盘日本骑兵.txt,0
TAAK-00013,E盘日本骑兵.txt,0
TAAK-005,E盘日本骑兵.txt,0
TAAK-006,E盘日本骑兵.txt,0
TAAK-007,F盘日本骑兵.txt,0
TAAK-008,E盘日本骑兵.txt,0
TAAK-009,E盘日本骑兵.txt,0
TAAK-010,E盘日本骑兵.txt,0
TAAK-011,E盘日本骑兵.txt,0
TAAK-012,E盘日本骑兵.txt,0
TAAK-014,E盘日本骑兵.txt,0
TAAK-017,E盘日本骑兵.txt,0
TAAK-018,E盘日本骑兵.txt,0
TAAK-019,E盘日本骑兵.txt,0
TAAK-020,E盘日本骑兵.txt,0
TAAK-021,E盘日本骑兵.txt,0
TAAK-022,E盘日本骑兵.txt,0
TAAK-023,E盘日本骑兵.txt,0
TAAK-024,E盘日本骑兵.txt,0
TAAK-027,E盘日本骑兵.txt,0
TCHB-050,F盘日本骑兵.txt,0
TCHR-030,F盘日本骑兵.txt,0
TDT-022,E盘日本骑兵.txt,0
TENN-036,115网盘数据.txt,0
THTP-083,F盘日本骑兵.txt,0
TKD-049,E盘日本骑兵.txt,0
TKFC-046,115网盘数据.txt,0
TKOU-020,115网盘数据.txt,0
TKSH-014,E盘日本骑兵.txt,0
TKSH-018,E盘日本骑兵.txt,0
TKSH-022,E盘日本骑兵.txt,0
TOTTE-160,E盘日本骑兵.txt,0
TPIN-075,"115网盘数据.txt, E盘日本骑兵.txt",1
TPPN-239,E盘日本骑兵.txt,0
TUE-142,E盘日本骑兵.txt,0
TUNA-009,E盘日本骑兵.txt,0
TUNA-010,E盘日本骑兵.txt,0
TWYB-002,E盘日本骑兵.txt,0
UFD-068,E盘日本骑兵.txt,0
UFD-072,E盘日本骑兵.txt,0
UFD-078,F盘日本骑兵.txt,0
UGUG-050,F盘日本骑兵.txt,0
URE-019,E盘日本骑兵.txt,0
URE-022,F盘日本骑兵.txt,0
URE-025,F盘日本骑兵.txt,0
URE-026,E盘日本骑兵.txt,0
URE-033,E盘日本骑兵.txt,0
URE-035,E盘日本骑兵.txt,0
URE-037,E盘日本骑兵.txt,0
URE-043,E盘日本骑兵.txt,0
URE-045,E盘日本骑兵.txt,0
URE-046,E盘日本骑兵.txt,0
URE-047,E盘日本骑兵.txt,0
URE-055,E盘日本骑兵.txt,0
URE-056,E盘日本骑兵.txt,0
URE-062,E盘日本骑兵.txt,0
URE-063,E盘日本骑兵.txt,0
URE-067,E盘日本骑兵.txt,0
URE-071,E盘日本骑兵.txt,0
URE-079,E盘日本骑兵.txt,0
URE-083,E盘日本骑兵.txt,0
URE-084,E盘日本骑兵.txt,0
URE-089,E盘日本骑兵.txt,0
URE-091,E盘日本骑兵.txt,0
URE-092,E盘日本骑兵.txt,0
URE-097,E盘日本骑兵.txt,0
URE-098,E盘日本骑兵.txt,0
URE-099,E盘日本骑兵.txt,0
URE-105,E盘日本骑兵.txt,0
URE-117,F盘日本骑兵.txt,0
URE-121,F盘日本骑兵.txt,0
URE-122,F盘日本骑兵.txt,0
URE-125,115网盘数据.txt,0
URE-131,115网盘数据.txt,0
URKK-045,E盘日本骑兵.txt,0
URKK-049,F盘日本骑兵.txt,0
URKK-060,E盘日本骑兵.txt,0
URKK-089,F盘日本骑兵.txt,0
URKK-093,F盘日本骑兵.txt,0
URKK-101,E盘日本骑兵.txt,0
USBA-001,E盘日本骑兵.txt,0
USYW-001,E盘日本骑兵.txt,0
USYW-002,E盘日本骑兵.txt,0
USYW-003,E盘日本骑兵.txt,0
UZU-018,E盘日本骑兵.txt,0
UZU-031,F盘日本骑兵.txt,0
UZU-032,115网盘数据.txt,0
VAGU-236,E盘日本骑兵.txt,0
VDD-078,115网盘数据.txt,0
VDD-094,E盘日本骑兵.txt,0
VDD-103,E盘日本骑兵.txt,0
VDD-104,E盘日本骑兵.txt,0
VDD-108,E盘日本骑兵.txt,0
VDD-111,E盘日本骑兵.txt,0
VDD-136,E盘日本骑兵.txt,0
VDD-145,F盘日本骑兵.txt,0
VDD-147,F盘日本骑兵.txt,0
VDD-149,F盘日本骑兵.txt,0
VDD-151,E盘日本骑兵.txt,0
VDD-155,E盘日本骑兵.txt,0
VDD-157,E盘日本骑兵.txt,0
VDD-167,E盘日本骑兵.txt,0
VDD-171,E盘日本骑兵.txt,0
VDD-172,E盘日本骑兵.txt,0
VDD-174,E盘日本骑兵.txt,0
VDD-177,E盘日本骑兵.txt,0
VDD-179,E盘日本骑兵.txt,0
VDD-183,F盘日本骑兵.txt,0
VDD-185,F盘日本骑兵.txt,0
VDD-186,F盘日本骑兵.txt,0
VDD-188,F盘日本骑兵.txt,0
VDD-193,F盘日本骑兵.txt,0
VDD-200,115网盘数据.txt,0
VEC-220,F盘日本骑兵.txt,0
VEC-527,E盘日本骑兵.txt,0
VEC-529,E盘日本骑兵.txt,0
VEC-721,115网盘数据.txt,0
VEC-731,115网盘数据.txt,0
VEMA-172,F盘日本骑兵.txt,0
VEMA-175,E盘日本骑兵.txt,0
VEMA-184,E盘日本骑兵.txt,0
VEMA-189,F盘日本骑兵.txt,0
VEMA-202,F盘日本骑兵.txt,0
VEMA-204,E盘日本骑兵.txt,0
VEMA-208,F盘日本骑兵.txt,0
VEMA-215,E盘日本骑兵.txt,0
VEMA-217,F盘日本骑兵.txt,0
VEMA-226,F盘日本骑兵.txt,0
VEMA-253,115网盘数据.txt,0
VENU-705,E盘日本骑兵.txt,0
VENU-865,E盘日本骑兵.txt,0
VENU-970,E盘日本骑兵.txt,0
VENU-992,E盘日本骑兵.txt,0
VENX-068,E盘日本骑兵.txt,0
VENX-113,F盘日本骑兵.txt,0
VENX-181,E盘日本骑兵.txt,0
VENX-208,E盘日本骑兵.txt,0
VENX-260,E盘日本骑兵.txt,0
VGD-157,E盘日本骑兵.txt,0
VGD-207,E盘日本骑兵.txt,0
VICD-299,F盘日本骑兵.txt,0
VICD-302,E盘日本骑兵.txt,0
VOD-046,F盘日本骑兵.txt,0
VRTM-032,E盘日本骑兵.txt,0
VRTM-073,F盘日本骑兵.txt,0
VRTM-202,F盘日本骑兵.txt,0
VRTM-206,F盘日本骑兵.txt,0
VRTM-218,E盘日本骑兵.txt,0
VRTM-222,F盘日本骑兵.txt,0
VRTM-240,E盘日本骑兵.txt,0
VRTM-247,E盘日本骑兵.txt,0
VRTM-288,F盘日本骑兵.txt,0
VRTM-295,E盘日本骑兵.txt,0
VRTM-299,E盘日本骑兵.txt,0
VRTM-302,E盘日本骑兵.txt,0
VRTM-304,E盘日本骑兵.txt,0
VRTM-309,F盘日本骑兵.txt,0
VRTM-310,E盘日本骑兵.txt,0
VRTM-320,E盘日本骑兵.txt,0
VRTM-326,E盘日本骑兵.txt,0
VRTM-337,F盘日本骑兵.txt,0
VRTM-341,F盘日本骑兵.txt,0
VRTM-342,E盘日本骑兵.txt,0
VRTM-350,"115网盘数据.txt, E盘日本骑兵.txt",1
VRTM-358,E盘日本骑兵.txt,0
VRTM-360,E盘日本骑兵.txt,0
VRTM-375,E盘日本骑兵.txt,0
VRTM-390,E盘日本骑兵.txt,0
VRTM-407,115网盘数据.txt,0
VRTM-409,F盘日本骑兵.txt,0
VRTM-411,E盘日本骑兵.txt,0
VRTM-421,E盘日本骑兵.txt,0
VRTM-423,E盘日本骑兵.txt,0
VRTM-438,E盘日本骑兵.txt,0
VRTM-444,F盘日本骑兵.txt,0
VRTM-450,E盘日本骑兵.txt,0
VRTM-453,E盘日本骑兵.txt,0
VRTM-458,E盘日本骑兵.txt,0
VRTM-463,E盘日本骑兵.txt,0
VRTM-469,E盘日本骑兵.txt,0
VRTM-480,E盘日本骑兵.txt,0
VRTM-486,E盘日本骑兵.txt,0
VRTM-493,E盘日本骑兵.txt,0
VRTM-498,E盘日本骑兵.txt,0
VRTM-513,E盘日本骑兵.txt,0
VRTM-519,E盘日本骑兵.txt,0
VSED-269,115网盘数据.txt,0
WAAA-026,F盘日本骑兵.txt,0
WAAA-029,E盘日本骑兵.txt,0
WAAA-033,F盘日本骑兵.txt,0
WAAA-049,F盘日本骑兵.txt,0
WAAA-068,E盘日本骑兵.txt,0
WAAA-080,E盘日本骑兵.txt,0
WAAA-106,F盘日本骑兵.txt,0
WAAA-115,"E盘日本骑兵.txt, F盘日本骑兵.txt",1
WAAA-133,E盘日本骑兵.txt,0
WAAA-135,E盘日本骑兵.txt,0
WAAA-164,F盘日本骑兵.txt,0
WAAA-176,F盘日本骑兵.txt,0
WAAA-196,E盘日本骑兵.txt,0
WAAA-222,F盘日本骑兵.txt,0
WAAA-226,E盘日本骑兵.txt,0
WAAA-252,E盘日本骑兵.txt,0
WAAA-272,E盘日本骑兵.txt,0
WAAA-280,E盘日本骑兵.txt,0
WAAA-288,E盘日本骑兵.txt,0
WAAA-334,F盘日本骑兵.txt,0
WAAA-339,E盘日本骑兵.txt,0
WAAA-366,"E盘日本骑兵.txt, F盘日本骑兵.txt",1
WAAA-371,F盘日本骑兵.txt,0
WAAA-374,E盘日本骑兵.txt,0
WAAA-386,F盘日本骑兵.txt,0
WAAA-388,F盘日本骑兵.txt,0
WAAA-395,F盘日本骑兵.txt,0
WAAA-407,F盘日本骑兵.txt,0
WAAA-413,F盘日本骑兵.txt,0
WAAA-415,F盘日本骑兵.txt,0
WAAA-428,F盘日本骑兵.txt,0
WAAA-440,F盘日本骑兵.txt,0
WAAA-461,F盘日本骑兵.txt,0
WAAA-462,F盘日本骑兵.txt,0
WAAA-470,F盘日本骑兵.txt,0
WAAA-474,F盘日本骑兵.txt,0
WAAA-476,F盘日本骑兵.txt,0
WAAA-501,F盘日本骑兵.txt,0
WAAA-516,F盘日本骑兵.txt,0
WAAA-518,F盘日本骑兵.txt,0
WAAA-528,F盘日本骑兵.txt,0
WAAA-540,F盘日本骑兵.txt,0
WAAA-542,F盘日本骑兵.txt,0
WAAA-546,F盘日本骑兵.txt,0
WAAA-552,F盘日本骑兵.txt,0
WAAA-557,115网盘数据.txt,0
WAAA-574,115网盘数据.txt,0
WAAA-575,115网盘数据.txt,0
WAAA-580,115网盘数据.txt,0
WAAA-597,115网盘数据.txt,0
WANZ-080,F盘日本骑兵.txt,0
WANZ-691,E盘日本骑兵.txt,0
WANZ-812,E盘日本骑兵.txt,0
WANZ-976,E盘日本骑兵.txt,0
WBW-012,F盘日本骑兵.txt,0
WFR-008,E盘日本骑兵.txt,0
WFR-011,E盘日本骑兵.txt,0
WFR-012,E盘日本骑兵.txt,0
WFR-013,E盘日本骑兵.txt,0
WFR-016,E盘日本骑兵.txt,0
WKD-052,E盘日本骑兵.txt,0
WO-019,E盘日本骑兵.txt,0
WO-020,115网盘数据.txt,0
WPSL-152,E盘日本骑兵.txt,0
WTFK-002,E盘日本骑兵.txt,0
WWMM-003,E盘日本骑兵.txt,0
WZEN-052,E盘日本骑兵.txt,0
WZEN-082,F盘日本骑兵.txt,0
XBS-001,E盘日本骑兵.txt,0
XMOM-044,E盘日本骑兵.txt,0
XMOM-89,F盘日本骑兵.txt,0
XRL-028,E盘日本骑兵.txt,0
XRW-341,F盘日本骑兵.txt,0
XRW-687,F盘日本骑兵.txt,0
XVSR-011,F盘日本骑兵.txt,0
XVSR-056,F盘日本骑兵.txt,0
XVSR-534,E盘日本骑兵.txt,0
XVSR-807,F盘日本骑兵.txt,0
XVSR-847,115网盘数据.txt,0
YAG-122,F盘日本骑兵.txt,0
YMDD-344,E盘日本骑兵.txt,0
YMDD-345,E盘日本骑兵.txt,0
YMDD-411,F盘日本骑兵.txt,0
YMDD-463,115网盘数据.txt,0
YMDD-464,115网盘数据.txt,0
YMYM-007,F盘日本骑兵.txt,0
YMYM-042,F盘日本骑兵.txt,0
YMYM-043,F盘日本骑兵.txt,0
YOCH-026,115网盘数据.txt,0
YSN-649,115网盘数据.txt,0
YST-254,E盘日本骑兵.txt,0
YST-325,F盘日本骑兵.txt,0
YST-333,F盘日本骑兵.txt,0
YUJ-006,E盘日本骑兵.txt,0
ZMAR-071,E盘日本骑兵.txt,0
ZMAR-104,E盘日本骑兵.txt,0
ZMEN-004,E盘日本骑兵.txt,0
ZMEN-017,F盘日本骑兵.txt,0
ZMEN-019,E盘日本骑兵.txt,0
ZMEN-024,E盘日本骑兵.txt,0
ZMEN-025,E盘日本骑兵.txt,0
ZMEN-026,E盘日本骑兵.txt,0
ZMEN-029,E盘日本骑兵.txt,0
ZMEN-036,E盘日本骑兵.txt,0
ZMEN-038,E盘日本骑兵.txt,0
ZMEN-044,E盘日本骑兵.txt,0
ZMEN-045,E盘日本骑兵.txt,0
ZMEN-047,E盘日本骑兵.txt,0
ZMEN-050,E盘日本骑兵.txt,0
ZMEN-052,E盘日本骑兵.txt,0
ZMEN-055,E盘日本骑兵.txt,0
ZMEN-057,E盘日本骑兵.txt,0
ZMEN-060,E盘日本骑兵.txt,0
ZMEN-063,E盘日本骑兵.txt,0
ZMEN-065,E盘日本骑兵.txt,0
ZMEN-066,E盘日本骑兵.txt,0
ZMEN-070,E盘日本骑兵.txt,0
ZMEN-072,E盘日本骑兵.txt,0
ZMEN-079,E盘日本骑兵.txt,0
ZMEN-080,E盘日本骑兵.txt,0
ZMEN-083,E盘日本骑兵.txt,0
ZMEN-085,E盘日本骑兵.txt,0
ZMIN-005,F盘日本骑兵.txt,0
ZOKU-008,115网盘数据.txt,0
ZOZO-195,F盘日本骑兵.txt,0
ZUKO-074,F盘日本骑兵.txt,0
