番号,隶属于哪份文件
ABF-061,E盘日本骑兵.txt
ABF-074,E盘日本骑兵.txt
ABF-101,E盘日本骑兵.txt
ABF-225,F盘日本骑兵.txt
ABF-238,F盘日本骑兵.txt
ABF-279,115网盘数据.txt
ABF-308,115网盘数据.txt
ABP-192,E盘日本骑兵.txt
ABP-340,E盘日本骑兵.txt
ABP-353,E盘日本骑兵.txt
ABP-408,E盘日本骑兵.txt
ABP-466,E盘日本骑兵.txt
ABP-536,F盘日本骑兵.txt
ABP-546,F盘日本骑兵.txt
ABP-639,E盘日本骑兵.txt
ABP-744,E盘日本骑兵.txt
ABP-996,E盘日本骑兵.txt
ABW-007,E盘日本骑兵.txt
ABW-019,E盘日本骑兵.txt
ABW-035,E盘日本骑兵.txt
ABW-068,E盘日本骑兵.txt
ABW-108,E盘日本骑兵.txt
ABW-120,E盘日本骑兵.txt
ABW-157,E盘日本骑兵.txt
ABW-202,E盘日本骑兵.txt
ABW-239,E盘日本骑兵.txt
ABW-248,E盘日本骑兵.txt
ABW-249,E盘日本骑兵.txt
ABW-257,E盘日本骑兵.txt
ABW-271,E盘日本骑兵.txt
ABW-280,E盘日本骑兵.txt
ABW-285,F盘日本骑兵.txt
ABW-325,E盘日本骑兵.txt
ABW-331,E盘日本骑兵.txt
ABW-361,E盘日本骑兵.txt
ACC-001,F盘日本骑兵.txt
ACC-002,F盘日本骑兵.txt
ACC-003,F盘日本骑兵.txt
ACC-004,F盘日本骑兵.txt
ACC-005,F盘日本骑兵.txt
ACC-006,F盘日本骑兵.txt
ACHJ-005,E盘日本骑兵.txt
ACHJ-012,E盘日本骑兵.txt
ACHJ-019,E盘日本骑兵.txt
ACHJ-024,E盘日本骑兵.txt
ACHJ-076,115网盘数据.txt
ACME-003,E盘日本骑兵.txt
ACZ-009,F盘日本骑兵.txt
ACZ-112,F盘日本骑兵.txt
ACZD-179,F盘日本骑兵.txt
ADN-265,E盘日本骑兵.txt
ADN-308,F盘日本骑兵.txt
ADN-334,E盘日本骑兵.txt
ADN-369,F盘日本骑兵.txt
ADN-388,F盘日本骑兵.txt
ADN-396,F盘日本骑兵.txt
ADN-403,E盘日本骑兵.txt
ADN-413,E盘日本骑兵.txt
ADN-417,E盘日本骑兵.txt
ADN-425,F盘日本骑兵.txt
ADN-432,E盘日本骑兵.txt
ADN-447,E盘日本骑兵.txt
ADN-499,"E盘日本骑兵.txt, F盘日本骑兵.txt"
ADN-507,E盘日本骑兵.txt
ADN-520,E盘日本骑兵.txt
ADN-535,E盘日本骑兵.txt
ADN-539,F盘日本骑兵.txt
ADN-551,"E盘日本骑兵.txt, F盘日本骑兵.txt"
ADN-569,F盘日本骑兵.txt
ADN-571,F盘日本骑兵.txt
ADN-586,F盘日本骑兵.txt
ADN-597,F盘日本骑兵.txt
ADN-610,F盘日本骑兵.txt
ADN-619,F盘日本骑兵.txt
ADN-639,F盘日本骑兵.txt
ADN-649,E盘日本骑兵.txt
ADN-657,F盘日本骑兵.txt
ADN-686,F盘日本骑兵.txt
ADN-690,F盘日本骑兵.txt
ADN-712,F盘日本骑兵.txt
ADN-719,F盘日本骑兵.txt
ADN-732,115网盘数据.txt
ADN-738,115网盘数据.txt
ADN-747,115网盘数据.txt
AES-002,E盘日本骑兵.txt
AGAV-106,E盘日本骑兵.txt
AGAV-130,F盘日本骑兵.txt
AGAV-149,115网盘数据.txt
AGAV-153,115网盘数据.txt
AGMX-242,115网盘数据.txt
AIAV-006,F盘日本骑兵.txt
AKDL-099,E盘日本骑兵.txt
AKDL-220,F盘日本骑兵.txt
AKDL-252,F盘日本骑兵.txt
AKDL-342,115网盘数据.txt
AKDL-349,115网盘数据.txt
AKIB-015,E盘日本骑兵.txt
ALDN-005,E盘日本骑兵.txt
ALDN-029,E盘日本骑兵.txt
ALDN-034,E盘日本骑兵.txt
ALDN-037,E盘日本骑兵.txt
ALDN-043,E盘日本骑兵.txt
ALDN-067,E盘日本骑兵.txt
ALDN-074,E盘日本骑兵.txt
ALDN-079,E盘日本骑兵.txt
ALDN-086,E盘日本骑兵.txt
ALDN-097,E盘日本骑兵.txt
ALDN-103,E盘日本骑兵.txt
ALDN-107,E盘日本骑兵.txt
ALDN-120,E盘日本骑兵.txt
ALDN-151,E盘日本骑兵.txt
ALDN-162,E盘日本骑兵.txt
ALDN-165,E盘日本骑兵.txt
ALDN-177,E盘日本骑兵.txt
ALDN-188,E盘日本骑兵.txt
ALDN-196,E盘日本骑兵.txt
ALDN-197,E盘日本骑兵.txt
ALDN-198,E盘日本骑兵.txt
ALDN-202,E盘日本骑兵.txt
ALDN-203,E盘日本骑兵.txt
ALDN-206,F盘日本骑兵.txt
ALDN-208,E盘日本骑兵.txt
ALDN-213,F盘日本骑兵.txt
ALDN-220,E盘日本骑兵.txt
ALDN-226,E盘日本骑兵.txt
ALDN-234,E盘日本骑兵.txt
ALDN-235,E盘日本骑兵.txt
ALDN-245,E盘日本骑兵.txt
ALDN-248,E盘日本骑兵.txt
ALDN-253,E盘日本骑兵.txt
ALDN-255,E盘日本骑兵.txt
ALDN-260,E盘日本骑兵.txt
ALDN-265,E盘日本骑兵.txt
ALDN-270,E盘日本骑兵.txt
ALDN-272,E盘日本骑兵.txt
ALDN-285,E盘日本骑兵.txt
ALDN-297,E盘日本骑兵.txt
ALDN-299,E盘日本骑兵.txt
ALDN-300,E盘日本骑兵.txt
ALDN-314,E盘日本骑兵.txt
ALDN-321,F盘日本骑兵.txt
ALDN-338,F盘日本骑兵.txt
ALDN-340,F盘日本骑兵.txt
ALDN-341,F盘日本骑兵.txt
ALDN-348,F盘日本骑兵.txt
ALDN-355,F盘日本骑兵.txt
ALDN-357,F盘日本骑兵.txt
ALDN-358,F盘日本骑兵.txt
ALDN-360,F盘日本骑兵.txt
ALDN-367,F盘日本骑兵.txt
ALDN-370,F盘日本骑兵.txt
ALDN-403,F盘日本骑兵.txt
ALDN-412,F盘日本骑兵.txt
ALDN-445,F盘日本骑兵.txt
ALDN-480,F盘日本骑兵.txt
ALDN-482,F盘日本骑兵.txt
ALDN-506,115网盘数据.txt
ALDN-516,115网盘数据.txt
ALDN-519,115网盘数据.txt
ALDN-546,115网盘数据.txt
ALDN-550,115网盘数据.txt
ANKK-001,E盘日本骑兵.txt
ANKK-003,E盘日本骑兵.txt
ANKK-006,E盘日本骑兵.txt
ANKK-007,E盘日本骑兵.txt
ANKK-008,E盘日本骑兵.txt
ANKK-009,E盘日本骑兵.txt
ANKK-013,E盘日本骑兵.txt
ANKK-014,E盘日本骑兵.txt
ANKK-015,E盘日本骑兵.txt
ANKK-016,E盘日本骑兵.txt
ANKK-018,E盘日本骑兵.txt
ANKK-020,E盘日本骑兵.txt
ANKK-021,E盘日本骑兵.txt
ANKK-022,E盘日本骑兵.txt
ANKK-024,E盘日本骑兵.txt
ANKK-025,E盘日本骑兵.txt
ANKK-028,E盘日本骑兵.txt
ANKK-032,E盘日本骑兵.txt
ANKK-034,E盘日本骑兵.txt
ANKK-035,E盘日本骑兵.txt
ANKK-036,E盘日本骑兵.txt
ANKK-041,E盘日本骑兵.txt
ANKK-044,E盘日本骑兵.txt
ANKK-045,E盘日本骑兵.txt
ANKK-049,E盘日本骑兵.txt
ANKK-053,E盘日本骑兵.txt
ANKK-055,E盘日本骑兵.txt
ANKK-056,E盘日本骑兵.txt
ANKK-058,E盘日本骑兵.txt
AOZ-239,F盘日本骑兵.txt
AOZ-244,E盘日本骑兵.txt
AOZ-295,E盘日本骑兵.txt
AOZ-310,E盘日本骑兵.txt
AOZ-324,F盘日本骑兵.txt
AP-238,F盘日本骑兵.txt
AP-300,F盘日本骑兵.txt
AP-423,F盘日本骑兵.txt
AP-424,F盘日本骑兵.txt
AP-444,F盘日本骑兵.txt
AP-602,F盘日本骑兵.txt
AP-679,E盘日本骑兵.txt
AP-747,F盘日本骑兵.txt
APNS-096,E盘日本骑兵.txt
APNS-099,F盘日本骑兵.txt
APNS-235,E盘日本骑兵.txt
ATFB-323,F盘日本骑兵.txt
ATFB-342,F盘日本骑兵.txt
ATFB-347,F盘日本骑兵.txt
ATID-273,E盘日本骑兵.txt
ATID-299,E盘日本骑兵.txt
ATID-306,E盘日本骑兵.txt
ATID-315,E盘日本骑兵.txt
ATID-327,E盘日本骑兵.txt
ATID-329,E盘日本骑兵.txt
ATID-331,E盘日本骑兵.txt
ATID-339,E盘日本骑兵.txt
ATID-347,E盘日本骑兵.txt
ATID-352,E盘日本骑兵.txt
ATID-362,E盘日本骑兵.txt
ATID-366,E盘日本骑兵.txt
ATID-376,E盘日本骑兵.txt
ATID-397,E盘日本骑兵.txt
ATID-433,E盘日本骑兵.txt
ATID-444,E盘日本骑兵.txt
ATID-450,F盘日本骑兵.txt
ATID-454,E盘日本骑兵.txt
ATID-459,F盘日本骑兵.txt
ATID-470,F盘日本骑兵.txt
ATID-492,E盘日本骑兵.txt
ATID-561,E盘日本骑兵.txt
ATID-563,F盘日本骑兵.txt
ATID-566,E盘日本骑兵.txt
ATID-573,E盘日本骑兵.txt
ATID-590,E盘日本骑兵.txt
ATID-613,F盘日本骑兵.txt
ATID-637,F盘日本骑兵.txt
ATID-650,115网盘数据.txt
AVOP-059,F盘日本骑兵.txt
AVOP-072,E盘日本骑兵.txt
AVOP-237,E盘日本骑兵.txt
AVOP-249,F盘日本骑兵.txt
AVOP-331,F盘日本骑兵.txt
AVOP-416,E盘日本骑兵.txt
AVSA-096,E盘日本骑兵.txt
AVSA-155,E盘日本骑兵.txt
AVSA-182,E盘日本骑兵.txt
AVSA-211,E盘日本骑兵.txt
AVSA-258,E盘日本骑兵.txt
AVSA-269,E盘日本骑兵.txt
AVSA-271,E盘日本骑兵.txt
AVSA-272,E盘日本骑兵.txt
AVSA-291,E盘日本骑兵.txt
AVSA-295,F盘日本骑兵.txt
AVSA-303,E盘日本骑兵.txt
AVSA-309,E盘日本骑兵.txt
AVSA-310,E盘日本骑兵.txt
AVSA-318,F盘日本骑兵.txt
AVSA-328,F盘日本骑兵.txt
AVSA-336,F盘日本骑兵.txt
AVSA-352,F盘日本骑兵.txt
AVSA-356,F盘日本骑兵.txt
AVSA-359,F盘日本骑兵.txt
AVSA-377,F盘日本骑兵.txt
AVSA-389,F盘日本骑兵.txt
AVSA-402,115网盘数据.txt
AVSA-412,115网盘数据.txt
AWS-007,F盘日本骑兵.txt
AWT-062,F盘日本骑兵.txt
AWT-077,E盘日本骑兵.txt
BBAN-036,F盘日本骑兵.txt
BBAN-495,F盘日本骑兵.txt
BBI-149,F盘日本骑兵.txt
BBI-152,F盘日本骑兵.txt
BEAF-187,115网盘数据.txt
BEAF-191,115网盘数据.txt
BEB-016,E盘日本骑兵.txt
BEB-095,F盘日本骑兵.txt
BF-253,F盘日本骑兵.txt
BF-528,E盘日本骑兵.txt
BF-576,E盘日本骑兵.txt
BF-606,E盘日本骑兵.txt
BF-629,E盘日本骑兵.txt
BF-644,E盘日本骑兵.txt
BF-649,E盘日本骑兵.txt
BF-675,E盘日本骑兵.txt
BF-708,E盘日本骑兵.txt
BHSP-024,E盘日本骑兵.txt
BHSP-025,E盘日本骑兵.txt
BIG-099,E盘日本骑兵.txt
BIG-100,E盘日本骑兵.txt
BIJN-191,E盘日本骑兵.txt
BIJN-200,E盘日本骑兵.txt
BIJN-243,F盘日本骑兵.txt
BIJN-267,F盘日本骑兵.txt
BIJN-269,115网盘数据.txt
BIJN-273,F盘日本骑兵.txt
BKC-003,E盘日本骑兵.txt
BLK-490,E盘日本骑兵.txt
BLK-571,E盘日本骑兵.txt
BLK-633,E盘日本骑兵.txt
BLK-655,F盘日本骑兵.txt
BLOR-211,E盘日本骑兵.txt
BNSPS-333,F盘日本骑兵.txt
BNSPS-334,F盘日本骑兵.txt
BNSPS-335,F盘日本骑兵.txt
BNSPS-341,F盘日本骑兵.txt
BNSPS-363,F盘日本骑兵.txt
BNSPS-370,E盘日本骑兵.txt
BNSPS-373,F盘日本骑兵.txt
BNSPS-374,F盘日本骑兵.txt
BNSPS-398,F盘日本骑兵.txt
BNSPS-424,F盘日本骑兵.txt
BNSPS-431,F盘日本骑兵.txt
BNSPS-432,F盘日本骑兵.txt
BNST-031,E盘日本骑兵.txt
BNST-081,F盘日本骑兵.txt
BONY-054,E盘日本骑兵.txt
BONY-167,115网盘数据.txt
BOOBS-003,115网盘数据.txt
BSK-010,F盘日本骑兵.txt
BSK-012,F盘日本骑兵.txt
BSK-013,F盘日本骑兵.txt
CAWD-018,E盘日本骑兵.txt
CAWD-404,E盘日本骑兵.txt
CAWD-628,E盘日本骑兵.txt
CAWD-723,F盘日本骑兵.txt
CAWD-797,F盘日本骑兵.txt
CAWD-807,F盘日本骑兵.txt
CAWD-900,115网盘数据.txt
CAWD-906,115网盘数据.txt
CAWD-909,115网盘数据.txt
CCX-008,F盘日本骑兵.txt
CCX-009,F盘日本骑兵.txt
CCX-010,F盘日本骑兵.txt
CEAD-114,F盘日本骑兵.txt
CEAD-275,115网盘数据.txt
CEAD-707,115网盘数据.txt
CEFD-006,F盘日本骑兵.txt
CEMD-445,E盘日本骑兵.txt
CEMD-525,E盘日本骑兵.txt
CEMD-529,E盘日本骑兵.txt
CEMD-561,F盘日本骑兵.txt
CEMD-783,115网盘数据.txt
CESD-091,F盘日本骑兵.txt
CESD-101,E盘日本骑兵.txt
CESD-113,E盘日本骑兵.txt
CESD-122,F盘日本骑兵.txt
CESD-162,F盘日本骑兵.txt
CETD-026,E盘日本骑兵.txt
CJOD-205,F盘日本骑兵.txt
CJOD-232,F盘日本骑兵.txt
CJOD-249,F盘日本骑兵.txt
CJOD-302,E盘日本骑兵.txt
CJOD-370,E盘日本骑兵.txt
CJOD-409,F盘日本骑兵.txt
CJOD-413,F盘日本骑兵.txt
CLOT-004,E盘日本骑兵.txt
CLOT-006,E盘日本骑兵.txt
CLOT-010,E盘日本骑兵.txt
CLOT-011,E盘日本骑兵.txt
CLOT-012,E盘日本骑兵.txt
CLOT-013,E盘日本骑兵.txt
CLOT-016,F盘日本骑兵.txt
CLOT-020,E盘日本骑兵.txt
CLOT-023,E盘日本骑兵.txt
CLOT-024,E盘日本骑兵.txt
CLOT-025,F盘日本骑兵.txt
CLOT-026,E盘日本骑兵.txt
CLOT-027,F盘日本骑兵.txt
CLOT-029,F盘日本骑兵.txt
CLOT-030,F盘日本骑兵.txt
CLOT-032,F盘日本骑兵.txt
CLOT-033,F盘日本骑兵.txt
CLOT-034,115网盘数据.txt
CLOT-035,115网盘数据.txt
CLOT-037,115网盘数据.txt
CLOT-038,115网盘数据.txt
CLUB-167,E盘日本骑兵.txt
CLUB-287,F盘日本骑兵.txt
CLUB-454,E盘日本骑兵.txt
CLUB-456,F盘日本骑兵.txt
CLUB-460,E盘日本骑兵.txt
CLUB-461,F盘日本骑兵.txt
CLUB-468,E盘日本骑兵.txt
CLUB-475,F盘日本骑兵.txt
CLUB-481,F盘日本骑兵.txt
CLUB-488,E盘日本骑兵.txt
CLUB-489,F盘日本骑兵.txt
CLUB-496,F盘日本骑兵.txt
CLUB-506,E盘日本骑兵.txt
CLUB-509,F盘日本骑兵.txt
CLUB-526,F盘日本骑兵.txt
CLUB-541,E盘日本骑兵.txt
CLUB-542,E盘日本骑兵.txt
CLUB-552,E盘日本骑兵.txt
CLUB-556,E盘日本骑兵.txt
CLUB-561,E盘日本骑兵.txt
CLUB-573,E盘日本骑兵.txt
CLUB-575,E盘日本骑兵.txt
CLUB-576,E盘日本骑兵.txt
CLUB-579,F盘日本骑兵.txt
CLUB-582,E盘日本骑兵.txt
CLUB-583,E盘日本骑兵.txt
CLUB-602,F盘日本骑兵.txt
CLUB-605,E盘日本骑兵.txt
CLUB-606,E盘日本骑兵.txt
CLUB-609,E盘日本骑兵.txt
CLUB-613,E盘日本骑兵.txt
CLUB-617,E盘日本骑兵.txt
CLUB-621,E盘日本骑兵.txt
CLUB-624,E盘日本骑兵.txt
CLUB-626,E盘日本骑兵.txt
CLUB-628,E盘日本骑兵.txt
CLUB-637,E盘日本骑兵.txt
CLUB-643,E盘日本骑兵.txt
CLUB-647,E盘日本骑兵.txt
CLUB-650,E盘日本骑兵.txt
CLUB-652,E盘日本骑兵.txt
CLUB-654,E盘日本骑兵.txt
CLUB-657,E盘日本骑兵.txt
CLUB-658,E盘日本骑兵.txt
CLUB-660,E盘日本骑兵.txt
CLUB-665,E盘日本骑兵.txt
CLUB-667,E盘日本骑兵.txt
CLUB-669,E盘日本骑兵.txt
CLUB-671,E盘日本骑兵.txt
CLUB-672,E盘日本骑兵.txt
CLUB-673,E盘日本骑兵.txt
CLUB-674,E盘日本骑兵.txt
CLUB-675,F盘日本骑兵.txt
CLUB-679,E盘日本骑兵.txt
CLUB-684,E盘日本骑兵.txt
CLUB-685,E盘日本骑兵.txt
CLUB-688,E盘日本骑兵.txt
CLUB-691,115网盘数据.txt
CLUB-693,E盘日本骑兵.txt
CLUB-694,E盘日本骑兵.txt
CLUB-807,E盘日本骑兵.txt
CLUB-809,F盘日本骑兵.txt
CLUB-812,E盘日本骑兵.txt
CLUB-816,E盘日本骑兵.txt
CLUB-821,E盘日本骑兵.txt
CLUB-828,E盘日本骑兵.txt
CLUB-832,E盘日本骑兵.txt
CLUB-835,F盘日本骑兵.txt
CLUB-841,F盘日本骑兵.txt
CLUB-843,F盘日本骑兵.txt
CLUB-846,F盘日本骑兵.txt
CLUB-848,F盘日本骑兵.txt
CLUB-850,F盘日本骑兵.txt
CLUB-852,F盘日本骑兵.txt
CLUB-864,115网盘数据.txt
CLUB-878,F盘日本骑兵.txt
CLUB-884,115网盘数据.txt
CLUB-886,115网盘数据.txt
CLUB-901,115网盘数据.txt
CMC-256,E盘日本骑兵.txt
CPSN-003,E盘日本骑兵.txt
CPSN-004,E盘日本骑兵.txt
CPSN-005,E盘日本骑兵.txt
CPSN-009,E盘日本骑兵.txt
CPSN-010,E盘日本骑兵.txt
CPSN-011,E盘日本骑兵.txt
CRNX-067,E盘日本骑兵.txt
CRNX-106,E盘日本骑兵.txt
CRNX-133,E盘日本骑兵.txt
CRNX-232,F盘日本骑兵.txt
CWPBD-153,E盘日本骑兵.txt
CXD-017,115网盘数据.txt
DAM-024,E盘日本骑兵.txt
DAM-057,F盘日本骑兵.txt
DANDY-574,F盘日本骑兵.txt
DANDY-681,E盘日本骑兵.txt
DANDY-706,E盘日本骑兵.txt
DANDY-709,E盘日本骑兵.txt
DANDY-726,E盘日本骑兵.txt
DANDY-736,E盘日本骑兵.txt
DANDY-737,E盘日本骑兵.txt
DANDY-753,F盘日本骑兵.txt
DANDY-815,E盘日本骑兵.txt
DANDY-818,E盘日本骑兵.txt
DANDY-824,E盘日本骑兵.txt
DANDY-856,E盘日本骑兵.txt
DANDY-897,E盘日本骑兵.txt
DANDY-900,E盘日本骑兵.txt
DANDY-909,E盘日本骑兵.txt
DANDY-915,E盘日本骑兵.txt
DANDY-944,F盘日本骑兵.txt
DANDYA-017,115网盘数据.txt
DASD-521,F盘日本骑兵.txt
DASD-541,F盘日本骑兵.txt
DASD-599,F盘日本骑兵.txt
DASD-664,F盘日本骑兵.txt
DASD-732,E盘日本骑兵.txt
DASD-866,E盘日本骑兵.txt
DASD-875,F盘日本骑兵.txt
DASS-055,E盘日本骑兵.txt
DASS-057,E盘日本骑兵.txt
DASS-080,E盘日本骑兵.txt
DASS-092,E盘日本骑兵.txt
DASS-093,F盘日本骑兵.txt
DASS-099,F盘日本骑兵.txt
DASS-114,E盘日本骑兵.txt
DASS-126,E盘日本骑兵.txt
DASS-134,E盘日本骑兵.txt
DASS-148,E盘日本骑兵.txt
DASS-157,E盘日本骑兵.txt
DASS-159,F盘日本骑兵.txt
DASS-167,E盘日本骑兵.txt
DASS-168,E盘日本骑兵.txt
DASS-169,F盘日本骑兵.txt
DASS-170,E盘日本骑兵.txt
DASS-179,E盘日本骑兵.txt
DASS-183,F盘日本骑兵.txt
DASS-187,E盘日本骑兵.txt
DASS-215,E盘日本骑兵.txt
DASS-226,F盘日本骑兵.txt
DASS-231,"E盘日本骑兵.txt, F盘日本骑兵.txt"
DASS-250,F盘日本骑兵.txt
DASS-265,E盘日本骑兵.txt
DASS-281,E盘日本骑兵.txt
DASS-304,E盘日本骑兵.txt
DASS-313,E盘日本骑兵.txt
DASS-326,E盘日本骑兵.txt
DASS-333,E盘日本骑兵.txt
DASS-336,E盘日本骑兵.txt
DASS-356,E盘日本骑兵.txt
DASS-357,E盘日本骑兵.txt
DASS-359,E盘日本骑兵.txt
DASS-367,E盘日本骑兵.txt
DASS-374,"E盘日本骑兵.txt, F盘日本骑兵.txt"
DASS-386,E盘日本骑兵.txt
DASS-388,E盘日本骑兵.txt
DASS-395,F盘日本骑兵.txt
DASS-423,F盘日本骑兵.txt
DASS-424,E盘日本骑兵.txt
DASS-426,E盘日本骑兵.txt
DASS-430,F盘日本骑兵.txt
DASS-460,F盘日本骑兵.txt
DASS-488,E盘日本骑兵.txt
DASS-492,F盘日本骑兵.txt
DASS-497,F盘日本骑兵.txt
DASS-498,E盘日本骑兵.txt
DASS-502,F盘日本骑兵.txt
DASS-549,F盘日本骑兵.txt
DASS-566,115网盘数据.txt
DASS-626,115网盘数据.txt
DASS-630,F盘日本骑兵.txt
DASS-639,F盘日本骑兵.txt
DASS-640,F盘日本骑兵.txt
DASS-650,F盘日本骑兵.txt
DASS-695,F盘日本骑兵.txt
DASS-699,F盘日本骑兵.txt
DASS-704,F盘日本骑兵.txt
DASS-708,115网盘数据.txt
DASS-709,115网盘数据.txt
DASS-735,115网盘数据.txt
DASS-764,115网盘数据.txt
DASS-769,115网盘数据.txt
DASS-777,115网盘数据.txt
DASS-791,115网盘数据.txt
DASS-792,115网盘数据.txt
DASS-806,115网盘数据.txt
DASS-821,115网盘数据.txt
DASS-829,115网盘数据.txt
DAVK-064,E盘日本骑兵.txt
DAVK-086,E盘日本骑兵.txt
DAVK-090,115网盘数据.txt
DAVK-107,F盘日本骑兵.txt
DBER-094,E盘日本骑兵.txt
DBIK-003,F盘日本骑兵.txt
DBZC-001,F盘日本骑兵.txt
DCHA-003,E盘日本骑兵.txt
DCOL-052,F盘日本骑兵.txt
DCV-224,E盘日本骑兵.txt
DDFF-028,E盘日本骑兵.txt
DDHG-008,F盘日本骑兵.txt
DDHG-018,F盘日本骑兵.txt
DDKM-011,E盘日本骑兵.txt
DDNG-004,F盘日本骑兵.txt
DDOB-140,F盘日本骑兵.txt
DDSI-001,F盘日本骑兵.txt
DENJ-001,E盘日本骑兵.txt
DGCEMD-302,E盘日本骑兵.txt
DGCEMD-515,E盘日本骑兵.txt
DHJP-011,E盘日本骑兵.txt
DIC-083,E盘日本骑兵.txt
DJJJ-007,F盘日本骑兵.txt
DJJJ-008,F盘日本骑兵.txt
DJJJ-010,F盘日本骑兵.txt
DJJJ-012,E盘日本骑兵.txt
DJJJ-014,"E盘日本骑兵.txt, F盘日本骑兵.txt"
DJJJ-015,F盘日本骑兵.txt
DKD-013,F盘日本骑兵.txt
DKDN-034,E盘日本骑兵.txt
DKWT-001,F盘日本骑兵.txt
DKWT-006,E盘日本骑兵.txt
DLDSS-020,E盘日本骑兵.txt
DLDSS-035,E盘日本骑兵.txt
DLDSS-040,E盘日本骑兵.txt
DLDSS-052,E盘日本骑兵.txt
DLDSS-057,F盘日本骑兵.txt
DLDSS-064,E盘日本骑兵.txt
DLDSS-078,E盘日本骑兵.txt
DLDSS-084,E盘日本骑兵.txt
DLDSS-114,E盘日本骑兵.txt
DLDSS-155,E盘日本骑兵.txt
DLDSS-164,E盘日本骑兵.txt
DLDSS-176,E盘日本骑兵.txt
DLDSS-178,E盘日本骑兵.txt
DLDSS-180,E盘日本骑兵.txt
DLDSS-184,E盘日本骑兵.txt
DLDSS-236,E盘日本骑兵.txt
DLDSS-246,"115网盘数据.txt, F盘日本骑兵.txt"
DLDSS-260,"115网盘数据.txt, F盘日本骑兵.txt"
DLDSS-265,E盘日本骑兵.txt
DLDSS-268,F盘日本骑兵.txt
DLDSS-277,E盘日本骑兵.txt
DLDSS-280,E盘日本骑兵.txt
DLDSS-300,F盘日本骑兵.txt
DLDSS-302,"115网盘数据.txt, F盘日本骑兵.txt"
DLDSS-313,F盘日本骑兵.txt
DLDSS-321,F盘日本骑兵.txt
DLDSS-325,E盘日本骑兵.txt
DLDSS-346,F盘日本骑兵.txt
DLDSS-375,F盘日本骑兵.txt
DLDSS-390,F盘日本骑兵.txt
DLDSS-394,F盘日本骑兵.txt
DLDSS-399,F盘日本骑兵.txt
DLDSS-403,F盘日本骑兵.txt
DLDSS-408,F盘日本骑兵.txt
DLDSS-421,F盘日本骑兵.txt
DLDSS-424,115网盘数据.txt
DLDSS-432,115网盘数据.txt
DLDSS-451,115网盘数据.txt
DLDSS-452,115网盘数据.txt
DLDSS-456,115网盘数据.txt
DLDSS-457,115网盘数据.txt
DMOW-221,F盘日本骑兵.txt
DMOW-223,115网盘数据.txt
DMOW-224,115网盘数据.txt
DNJR-148,115网盘数据.txt
DNTR-002,F盘日本骑兵.txt
DOA-041,E盘日本骑兵.txt
DOCD-050,F盘日本骑兵.txt
DOCP-144,E盘日本骑兵.txt
DOCP-237,115网盘数据.txt
DOCP-244,E盘日本骑兵.txt
DOCP-265,E盘日本骑兵.txt
DOCP-286,E盘日本骑兵.txt
DOCP-345,E盘日本骑兵.txt
DOCS-095,F盘日本骑兵.txt
DOKS-522,E盘日本骑兵.txt
DOKS-534,E盘日本骑兵.txt
DOKS-539,E盘日本骑兵.txt
DOKS-570,E盘日本骑兵.txt
DOKS-577,E盘日本骑兵.txt
DOKS-597,E盘日本骑兵.txt
DOKS-615,F盘日本骑兵.txt
DOKS-630,F盘日本骑兵.txt
DPHN-104,E盘日本骑兵.txt
DPHN-108,E盘日本骑兵.txt
DPHN-115,F盘日本骑兵.txt
DPHN-126,E盘日本骑兵.txt
DPHN-127,E盘日本骑兵.txt
DPHN-128,E盘日本骑兵.txt
DPHN-131,E盘日本骑兵.txt
DPHN-142,E盘日本骑兵.txt
DPHN-148,E盘日本骑兵.txt
DPHN-157,E盘日本骑兵.txt
DPHN-173,E盘日本骑兵.txt
DPHN-177,E盘日本骑兵.txt
DPHN-179,E盘日本骑兵.txt
DPHN-180,E盘日本骑兵.txt
DPHN-181,E盘日本骑兵.txt
DPMI-00046,E盘日本骑兵.txt
DPMI-001,F盘日本骑兵.txt
DPMI-020,E盘日本骑兵.txt
DPMI-041,E盘日本骑兵.txt
DPMI-055,"115网盘数据.txt, E盘日本骑兵.txt"
DPMI-065,E盘日本骑兵.txt
DPMI-067,E盘日本骑兵.txt
DRC-123,"E盘日本骑兵.txt, F盘日本骑兵.txt"
DRPT-004,F盘日本骑兵.txt
DRPT-008,F盘日本骑兵.txt
DRPT-012,E盘日本骑兵.txt
DRPT-054,F盘日本骑兵.txt
DRPT-067,E盘日本骑兵.txt
DRPT-072,F盘日本骑兵.txt
DRPT-091,F盘日本骑兵.txt
DRPT-093,F盘日本骑兵.txt
DSJH-014,F盘日本骑兵.txt
DV-1452,E盘日本骑兵.txt
DV-1484,E盘日本骑兵.txt
DV-1574,F盘日本骑兵.txt
DV-1635,F盘日本骑兵.txt
DV-1666,F盘日本骑兵.txt
DVAJ-630,F盘日本骑兵.txt
DVAJ-631,E盘日本骑兵.txt
DVAJ-665,F盘日本骑兵.txt
DVAJ-684,F盘日本骑兵.txt
DVAJ-704,115网盘数据.txt
DVAJ-708,115网盘数据.txt
DVDES-463,E盘日本骑兵.txt
DVDES-638,F盘日本骑兵.txt
DVDES-644,F盘日本骑兵.txt
DVDES-769,F盘日本骑兵.txt
DVDES-809,F盘日本骑兵.txt
DVDES-829,F盘日本骑兵.txt
DVDES-831,F盘日本骑兵.txt
DVDES-929,F盘日本骑兵.txt
DVDMS-00273,E盘日本骑兵.txt
DVDMS-430,E盘日本骑兵.txt
DVDMS-490,E盘日本骑兵.txt
DVDMS-521,E盘日本骑兵.txt
DVDMS-562,E盘日本骑兵.txt
DVDMS-581,F盘日本骑兵.txt
DVDMS-582,E盘日本骑兵.txt
DVDMS-599,E盘日本骑兵.txt
DVDMS-623,E盘日本骑兵.txt
DVDMS-630,E盘日本骑兵.txt
DVDMS-638,E盘日本骑兵.txt
DVDMS-642,E盘日本骑兵.txt
DVDMS-660,E盘日本骑兵.txt
DVDMS-669,E盘日本骑兵.txt
DVDMS-671,E盘日本骑兵.txt
DVDMS-679,E盘日本骑兵.txt
DVDMS-683,E盘日本骑兵.txt
DVDMS-690,E盘日本骑兵.txt
DVDMS-715,E盘日本骑兵.txt
DVDMS-720,E盘日本骑兵.txt
DVDMS-728,E盘日本骑兵.txt
DVDMS-739,F盘日本骑兵.txt
DVDMS-744,E盘日本骑兵.txt
DVDMS-752,E盘日本骑兵.txt
DVDMS-763,E盘日本骑兵.txt
DVDMS-775,E盘日本骑兵.txt
DVDMS-777,E盘日本骑兵.txt
DVDMS-780,E盘日本骑兵.txt
DVDMS-784,E盘日本骑兵.txt
DVDMS-788,E盘日本骑兵.txt
DVDMS-789,E盘日本骑兵.txt
DVDMS-797,E盘日本骑兵.txt
DVDMS-800,E盘日本骑兵.txt
DVDMS-818,E盘日本骑兵.txt
DVDMS-841,E盘日本骑兵.txt
DVDMS-845,E盘日本骑兵.txt
DVDMS-853,E盘日本骑兵.txt
DVDMS-856,E盘日本骑兵.txt
DVDMS-879,E盘日本骑兵.txt
DVDMS-894,E盘日本骑兵.txt
DVDMS-912,E盘日本骑兵.txt
DVDMS-920,115网盘数据.txt
DVDMS-928,E盘日本骑兵.txt
DVDMS-935,E盘日本骑兵.txt
DVDMS-954,E盘日本骑兵.txt
DVDMS-971,E盘日本骑兵.txt
DVDMS-980,E盘日本骑兵.txt
DVDMS-995,E盘日本骑兵.txt
DVDMS-996,E盘日本骑兵.txt
DVEH-018,E盘日本骑兵.txt
DVEH-037,F盘日本骑兵.txt
DVEH-059,F盘日本骑兵.txt
DVEL-001,E盘日本骑兵.txt
DVMM-003,E盘日本骑兵.txt
DVMM-005,E盘日本骑兵.txt
DVMM-006,E盘日本骑兵.txt
DVMM-019,"115网盘数据.txt, E盘日本骑兵.txt"
DVMM-024,E盘日本骑兵.txt
DVMM-025,E盘日本骑兵.txt
DVMM-029,E盘日本骑兵.txt
DVMM-039,E盘日本骑兵.txt
DVMM-045,E盘日本骑兵.txt
DVMM-047,E盘日本骑兵.txt
DVMM-049,E盘日本骑兵.txt
DVMM-053,E盘日本骑兵.txt
DVMM-068,E盘日本骑兵.txt
DVMM-080,E盘日本骑兵.txt
DVMM-095,E盘日本骑兵.txt
DVMM-106,F盘日本骑兵.txt
DVMM-107,F盘日本骑兵.txt
DVMM-112,F盘日本骑兵.txt
DVMM-117,E盘日本骑兵.txt
DVMM-121,F盘日本骑兵.txt
DVMM-128,E盘日本骑兵.txt
DVMM-135,F盘日本骑兵.txt
DVMM-153,F盘日本骑兵.txt
DVMM-171,F盘日本骑兵.txt
DVMM-181,E盘日本骑兵.txt
DVMM-184,E盘日本骑兵.txt
DVMM-197,F盘日本骑兵.txt
DVMM-220,F盘日本骑兵.txt
DVMM-245,115网盘数据.txt
DVMM-285,115网盘数据.txt
DVMM-286,115网盘数据.txt
DVMM-299,115网盘数据.txt
DVMM-327,115网盘数据.txt
DVMM-332,115网盘数据.txt
DVMM-335,115网盘数据.txt
DVMT-004,E盘日本骑兵.txt
DVRT-018,E盘日本骑兵.txt
DVRT-022,E盘日本骑兵.txt
DVRT-027,E盘日本骑兵.txt
DVRT-035,F盘日本骑兵.txt
DVRT-044,F盘日本骑兵.txt
DVRT-045,115网盘数据.txt
DVRT-047,F盘日本骑兵.txt
DVRT-056,F盘日本骑兵.txt
DVRT-057,F盘日本骑兵.txt
DVRT-062,115网盘数据.txt
EBOD-298,F盘日本骑兵.txt
EBOD-841,E盘日本骑兵.txt
EBOD-918,E盘日本骑兵.txt
EBWH-007,F盘日本骑兵.txt
EBWH-012,F盘日本骑兵.txt
EBWH-094,F盘日本骑兵.txt
EBWH-182,E盘日本骑兵.txt
EBWH-190,F盘日本骑兵.txt
EBWH-196,F盘日本骑兵.txt
EBWH-203,F盘日本骑兵.txt
EBWH-249,F盘日本骑兵.txt
EBWH-251,115网盘数据.txt
EBWH-273,115网盘数据.txt
EBWH-282,115网盘数据.txt
EDRG-016,F盘日本骑兵.txt
EKDV-687,E盘日本骑兵.txt
EKDV-765,F盘日本骑兵.txt
EKDV-788,F盘日本骑兵.txt
EKDV-796,115网盘数据.txt
EMAZ-329,F盘日本骑兵.txt
EMBZ-098,F盘日本骑兵.txt
EMBZ-283,E盘日本骑兵.txt
EMBZ-302,F盘日本骑兵.txt
EMBZ-306,F盘日本骑兵.txt
EMBZ-315,115网盘数据.txt
EMBZ-336,115网盘数据.txt
ENDS-125,E盘日本骑兵.txt
ERGR-001,F盘日本骑兵.txt
ETW-003,E盘日本骑兵.txt
ETW-006,E盘日本骑兵.txt
ETW-007,E盘日本骑兵.txt
EUMD-004,F盘日本骑兵.txt
EYAN-012,F盘日本骑兵.txt
EYAN-197,E盘日本骑兵.txt
EYAN-203,F盘日本骑兵.txt
FAA-005,F盘日本骑兵.txt
FAA-014,F盘日本骑兵.txt
FAA-016,F盘日本骑兵.txt
FAA-022,F盘日本骑兵.txt
FAA-294,F盘日本骑兵.txt
FAJS-028,F盘日本骑兵.txt
FAJS-042,F盘日本骑兵.txt
FAJS-050,F盘日本骑兵.txt
FAJS-053,F盘日本骑兵.txt
FAN-190,E盘日本骑兵.txt
FANART-10,"E盘日本骑兵.txt, F盘日本骑兵.txt"
FANART-11,"E盘日本骑兵.txt, F盘日本骑兵.txt"
FANART-12,"E盘日本骑兵.txt, F盘日本骑兵.txt"
FANART-13,"E盘日本骑兵.txt, F盘日本骑兵.txt"
FANART-14,"E盘日本骑兵.txt, F盘日本骑兵.txt"
FANART-15,"E盘日本骑兵.txt, F盘日本骑兵.txt"
FANART-16,"E盘日本骑兵.txt, F盘日本骑兵.txt"
FANART-17,"E盘日本骑兵.txt, F盘日本骑兵.txt"
FANART-18,"E盘日本骑兵.txt, F盘日本骑兵.txt"
FANART-19,"E盘日本骑兵.txt, F盘日本骑兵.txt"
FANART-20,"E盘日本骑兵.txt, F盘日本骑兵.txt"
FAX-002,F盘日本骑兵.txt
FAX-003,F盘日本骑兵.txt
FAX-007,F盘日本骑兵.txt
FAX-008,F盘日本骑兵.txt
FAX-009,F盘日本骑兵.txt
FAX-011,F盘日本骑兵.txt
FAX-015,F盘日本骑兵.txt
FAX-023,F盘日本骑兵.txt
FAX-027,F盘日本骑兵.txt
FAX-032,F盘日本骑兵.txt
FAX-035,F盘日本骑兵.txt
FAX-045,F盘日本骑兵.txt
FAX-048,F盘日本骑兵.txt
FAX-049,F盘日本骑兵.txt
FAX-054,F盘日本骑兵.txt
FAX-057,F盘日本骑兵.txt
FAX-076,F盘日本骑兵.txt
FAX-078,F盘日本骑兵.txt
FAX-079,F盘日本骑兵.txt
FAX-428,E盘日本骑兵.txt
FAX-480,F盘日本骑兵.txt
FAYS-008,115网盘数据.txt
FCDC-132,E盘日本骑兵.txt
FCDC-135,E盘日本骑兵.txt
FCDC-141,E盘日本骑兵.txt
FCDC-142,E盘日本骑兵.txt
FCDC-154,E盘日本骑兵.txt
FCDC-159,E盘日本骑兵.txt
FCDC-163,E盘日本骑兵.txt
FCDC-182,115网盘数据.txt
FCDSS-103,115网盘数据.txt
FCST-003,E盘日本骑兵.txt
FERA-163,E盘日本骑兵.txt
FFFS-045,E盘日本骑兵.txt
FFFS-060,F盘日本骑兵.txt
FFFS-064,F盘日本骑兵.txt
FFFS-065,F盘日本骑兵.txt
FFFS-068,115网盘数据.txt
FIV-013,E盘日本骑兵.txt
FIV-038,E盘日本骑兵.txt
FJIN-115,115网盘数据.txt
FLAV-292,E盘日本骑兵.txt
FLAV-343,E盘日本骑兵.txt
FLAV-346,E盘日本骑兵.txt
FLAV-359,E盘日本骑兵.txt
FLAV-366,F盘日本骑兵.txt
FLAV-394,F盘日本骑兵.txt
FLAV-399,F盘日本骑兵.txt
FLAV-410,115网盘数据.txt
FLVA-047,E盘日本骑兵.txt
FLVA-049,E盘日本骑兵.txt
FLVA-050,E盘日本骑兵.txt
FLVA-054,F盘日本骑兵.txt
FNEW-011,F盘日本骑兵.txt
FNS-004,F盘日本骑兵.txt
FNS-007,F盘日本骑兵.txt
FNS-014,F盘日本骑兵.txt
FNS-016,F盘日本骑兵.txt
FNS-027,F盘日本骑兵.txt
FNS-039,F盘日本骑兵.txt
FNS-042,F盘日本骑兵.txt
FNS-070,F盘日本骑兵.txt
FNS-073,F盘日本骑兵.txt
FNS-185,115网盘数据.txt
FOCS-292,115网盘数据.txt
FPJS-042,F盘日本骑兵.txt
FPRE-004,E盘日本骑兵.txt
FPRE-057,F盘日本骑兵.txt
FPRE-069,115网盘数据.txt
FPRE-076,F盘日本骑兵.txt
FPRE-080,F盘日本骑兵.txt
FPRE-114,F盘日本骑兵.txt
FPRE-118,E盘日本骑兵.txt
FPRE-122,F盘日本骑兵.txt
FPRE-131,F盘日本骑兵.txt
FPRE-150,F盘日本骑兵.txt
FPRE-156,115网盘数据.txt
FPRE-161,F盘日本骑兵.txt
FPRE-163,F盘日本骑兵.txt
FPRE-174,F盘日本骑兵.txt
FPRE-181,F盘日本骑兵.txt
FSDSS-062,E盘日本骑兵.txt
FSDSS-129,E盘日本骑兵.txt
FSDSS-259,E盘日本骑兵.txt
FSDSS-260,E盘日本骑兵.txt
FSDSS-282,E盘日本骑兵.txt
FSDSS-374,E盘日本骑兵.txt
FSDSS-390,E盘日本骑兵.txt
FSDSS-409,E盘日本骑兵.txt
FSDSS-418,E盘日本骑兵.txt
FSDSS-421,E盘日本骑兵.txt
FSDSS-468,E盘日本骑兵.txt
FSDSS-530,E盘日本骑兵.txt
FSDSS-569,E盘日本骑兵.txt
FSDSS-573,E盘日本骑兵.txt
FSDSS-582,E盘日本骑兵.txt
FSDSS-636,E盘日本骑兵.txt
FSDSS-648,E盘日本骑兵.txt
FSDSS-653,E盘日本骑兵.txt
FSDSS-662,E盘日本骑兵.txt
FSDSS-714,E盘日本骑兵.txt
FSDSS-728,E盘日本骑兵.txt
FSDSS-748,F盘日本骑兵.txt
FSDSS-784,F盘日本骑兵.txt
FSDSS-814,F盘日本骑兵.txt
FSDSS-816,F盘日本骑兵.txt
FSDSS-825,F盘日本骑兵.txt
FSDSS-893,"E盘日本骑兵.txt, F盘日本骑兵.txt"
FSDSS-894,F盘日本骑兵.txt
FSDSS-971,F盘日本骑兵.txt
FSDSS-978,F盘日本骑兵.txt
FSET-647,F盘日本骑兵.txt
FSET-793,F盘日本骑兵.txt
FSET-814,E盘日本骑兵.txt
FSET-816,F盘日本骑兵.txt
FTHTD-137,115网盘数据.txt
FTHTD-143,115网盘数据.txt
FTHTD-152,115网盘数据.txt
FTK-012,E盘日本骑兵.txt
FTKD-010,F盘日本骑兵.txt
FTKD-024,F盘日本骑兵.txt
FTKD-033,115网盘数据.txt
FTN-034,E盘日本骑兵.txt
FUNK-009,E盘日本骑兵.txt
GACHI-644,E盘日本骑兵.txt
GAMS-008,E盘日本骑兵.txt
GAMS-010,E盘日本骑兵.txt
GAMS-021,E盘日本骑兵.txt
GCF-003,F盘日本骑兵.txt
GCF-010,F盘日本骑兵.txt
GDQN-021,F盘日本骑兵.txt
GEBB-028,115网盘数据.txt
GENU-010,E盘日本骑兵.txt
GETS-019,F盘日本骑兵.txt
GETS-073,E盘日本骑兵.txt
GETS-090,E盘日本骑兵.txt
GETS-113,F盘日本骑兵.txt
GG-019,F盘日本骑兵.txt
GHAT-141,E盘日本骑兵.txt
GHMT-027,F盘日本骑兵.txt
GHNU-027,E盘日本骑兵.txt
GIRO-018,F盘日本骑兵.txt
GIRO-027,F盘日本骑兵.txt
GIRO-034,F盘日本骑兵.txt
GIRO-042,F盘日本骑兵.txt
GIRO-060,E盘日本骑兵.txt
GIRO-71,F盘日本骑兵.txt
GMA-022,E盘日本骑兵.txt
GMEM-022,E盘日本骑兵.txt
GMEM-077,E盘日本骑兵.txt
GMJK-021,E盘日本骑兵.txt
GNAX-061,F盘日本骑兵.txt
GNS-103,F盘日本骑兵.txt
GOJU-158,F盘日本骑兵.txt
GOJU-261,E盘日本骑兵.txt
GSY-035,115网盘数据.txt
GTAL-036,F盘日本骑兵.txt
GUPP-011,F盘日本骑兵.txt
GVG-118,F盘日本骑兵.txt
GVG-148,F盘日本骑兵.txt
GVG-222,F盘日本骑兵.txt
GVG-727,E盘日本骑兵.txt
GVG-759,115网盘数据.txt
GVG-787,E盘日本骑兵.txt
GVG-801,E盘日本骑兵.txt
GVG-807,F盘日本骑兵.txt
GVG-882,E盘日本骑兵.txt
GVG-913,F盘日本骑兵.txt
GVG-977,E盘日本骑兵.txt
GVH-005,E盘日本骑兵.txt
GVH-042,F盘日本骑兵.txt
GVH-082,E盘日本骑兵.txt
GVH-086,E盘日本骑兵.txt
GVH-100,E盘日本骑兵.txt
GVH-121,E盘日本骑兵.txt
GVH-150,E盘日本骑兵.txt
GVH-167,F盘日本骑兵.txt
GVH-177,E盘日本骑兵.txt
GVH-180,E盘日本骑兵.txt
GVH-219,E盘日本骑兵.txt
GVH-234,"115网盘数据.txt, E盘日本骑兵.txt"
GVH-247,F盘日本骑兵.txt
GVH-298,E盘日本骑兵.txt
GVH-305,E盘日本骑兵.txt
GVH-308,E盘日本骑兵.txt
GVH-323,E盘日本骑兵.txt
GVH-339,E盘日本骑兵.txt
GVH-344,E盘日本骑兵.txt
GVH-353,115网盘数据.txt
GVH-473,E盘日本骑兵.txt
GVH-499,E盘日本骑兵.txt
GVH-504,E盘日本骑兵.txt
GVH-579,E盘日本骑兵.txt
GVH-596,"115网盘数据.txt, E盘日本骑兵.txt"
GVH-606,E盘日本骑兵.txt
GVH-640,E盘日本骑兵.txt
GVH-653,E盘日本骑兵.txt
GVH-659,F盘日本骑兵.txt
GVH-661,F盘日本骑兵.txt
GVH-673,F盘日本骑兵.txt
GVH-707,E盘日本骑兵.txt
GVH-712,F盘日本骑兵.txt
GVH-725,F盘日本骑兵.txt
GVH-726,F盘日本骑兵.txt
GVH-762,F盘日本骑兵.txt
GVH-779,115网盘数据.txt
GVH-803,115网盘数据.txt
GVH-807,115网盘数据.txt
GZAP-004,F盘日本骑兵.txt
GZAP-005,F盘日本骑兵.txt
GZAP-007,F盘日本骑兵.txt
GZAP-014,F盘日本骑兵.txt
GZAP-015,F盘日本骑兵.txt
GZAP-048,F盘日本骑兵.txt
GZAP-058,F盘日本骑兵.txt
GZAP-066,F盘日本骑兵.txt
HALT-063,F盘日本骑兵.txt
HALT-065,F盘日本骑兵.txt
HALT-066,F盘日本骑兵.txt
HALT-070,115网盘数据.txt
HALT-072,115网盘数据.txt
HALT-073,115网盘数据.txt
HAME-053,115网盘数据.txt
HARU-053,F盘日本骑兵.txt
HAWA-171,E盘日本骑兵.txt
HAWA-243,E盘日本骑兵.txt
HAWA-324,F盘日本骑兵.txt
HAWA-341,E盘日本骑兵.txt
HAWA-365,115网盘数据.txt
HBAD-307,F盘日本骑兵.txt
HBAD-322,F盘日本骑兵.txt
HBAD-327,F盘日本骑兵.txt
HBAD-328,F盘日本骑兵.txt
HBAD-331,F盘日本骑兵.txt
HBAD-334,F盘日本骑兵.txt
HBAD-345,E盘日本骑兵.txt
HBAD-347,F盘日本骑兵.txt
HBAD-359,E盘日本骑兵.txt
HBAD-403,F盘日本骑兵.txt
HBAD-432,F盘日本骑兵.txt
HBAD-586,E盘日本骑兵.txt
HBAD-595,E盘日本骑兵.txt
HBAD-685,E盘日本骑兵.txt
HBAD-703,F盘日本骑兵.txt
HDKA-242,E盘日本骑兵.txt
HDKA-246,E盘日本骑兵.txt
HDKA-256,F盘日本骑兵.txt
HDKA-257,E盘日本骑兵.txt
HDKA-281,E盘日本骑兵.txt
HDKA-293,E盘日本骑兵.txt
HDKA-311,F盘日本骑兵.txt
HDKA-316,F盘日本骑兵.txt
HDKA-322,115网盘数据.txt
HDSN-049,F盘日本骑兵.txt
HENK-001,F盘日本骑兵.txt
HEY-032,E盘日本骑兵.txt
HEYZO-0198,E盘日本骑兵.txt
HEYZO-0295,E盘日本骑兵.txt
HEYZO-0304,E盘日本骑兵.txt
HEYZO-0333,E盘日本骑兵.txt
HEYZO-0527,E盘日本骑兵.txt
HEYZO-0783,E盘日本骑兵.txt
HEYZO-0809,E盘日本骑兵.txt
HEYZO-0827,E盘日本骑兵.txt
HEYZO-0846,E盘日本骑兵.txt
HEYZO-0857,E盘日本骑兵.txt
HEYZO-0865,E盘日本骑兵.txt
HEYZO-0917,E盘日本骑兵.txt
HEYZO-0932,E盘日本骑兵.txt
HEYZO-0935,E盘日本骑兵.txt
HEYZO-1155,E盘日本骑兵.txt
HEYZO-1168,E盘日本骑兵.txt
HEYZO-1731,E盘日本骑兵.txt
HEYZO-2034,E盘日本骑兵.txt
HEYZO-2118,E盘日本骑兵.txt
HEYZO-2428,E盘日本骑兵.txt
HEYZO-2595,E盘日本骑兵.txt
HEYZO-2766,E盘日本骑兵.txt
HEYZO-2768,E盘日本骑兵.txt
HEYZO-2835,E盘日本骑兵.txt
HEYZO-3012,E盘日本骑兵.txt
HEYZO-3052,E盘日本骑兵.txt
HEYZO-3070,E盘日本骑兵.txt
HEYZO-3115,E盘日本骑兵.txt
HEYZO-3123,E盘日本骑兵.txt
HEYZO-3251,E盘日本骑兵.txt
HEYZO-3706,115网盘数据.txt
HEYZO-3714,115网盘数据.txt
HEYZO-3718,115网盘数据.txt
HEYZO-3777,115网盘数据.txt
HGOT-063,E盘日本骑兵.txt
HIMA-088,E盘日本骑兵.txt
HITMA-165,115网盘数据.txt
HJBB-202,F盘日本骑兵.txt
HJMO-386,E盘日本骑兵.txt
HJMO-416,E盘日本骑兵.txt
HJMO-429,E盘日本骑兵.txt
HJMO-442,E盘日本骑兵.txt
HJMO-446,E盘日本骑兵.txt
HJMO-455,E盘日本骑兵.txt
HJMO-461,E盘日本骑兵.txt
HJMO-463,E盘日本骑兵.txt
HJMO-464,E盘日本骑兵.txt
HJMO-469,E盘日本骑兵.txt
HJMO-471,E盘日本骑兵.txt
HJMO-480,E盘日本骑兵.txt
HJMO-486,E盘日本骑兵.txt
HJMO-492,E盘日本骑兵.txt
HJMO-493,E盘日本骑兵.txt
HJMO-500,E盘日本骑兵.txt
HJMO-505,E盘日本骑兵.txt
HJMO-507,E盘日本骑兵.txt
HJMO-511,E盘日本骑兵.txt
HJMO-513,E盘日本骑兵.txt
HJMO-602,E盘日本骑兵.txt
HJMO-603,E盘日本骑兵.txt
HJMO-608,E盘日本骑兵.txt
HJMO-609,E盘日本骑兵.txt
HJMO-612,E盘日本骑兵.txt
HJMO-613,E盘日本骑兵.txt
HJMO-614,E盘日本骑兵.txt
HJMO-617,E盘日本骑兵.txt
HJMO-632,E盘日本骑兵.txt
HJMO-636,E盘日本骑兵.txt
HJMO-640,E盘日本骑兵.txt
HJMO-644,E盘日本骑兵.txt
HJMO-648,E盘日本骑兵.txt
HJMO-651,F盘日本骑兵.txt
HJMO-654,F盘日本骑兵.txt
HJMO-660,115网盘数据.txt
HJMO-664,F盘日本骑兵.txt
HJMO-685,F盘日本骑兵.txt
HMDNV-666,E盘日本骑兵.txt
HMDNV-843,115网盘数据.txt
HMGL-188,E盘日本骑兵.txt
HMN-025,E盘日本骑兵.txt
HMN-094,E盘日本骑兵.txt
HMN-351,E盘日本骑兵.txt
HMN-370,E盘日本骑兵.txt
HMN-372,E盘日本骑兵.txt
HMN-459,E盘日本骑兵.txt
HMN-520,F盘日本骑兵.txt
HMN-639,E盘日本骑兵.txt
HMN-644,F盘日本骑兵.txt
HMN-648,F盘日本骑兵.txt
HMN-655,F盘日本骑兵.txt
HMN-663,"115网盘数据.txt, F盘日本骑兵.txt"
HMN-677,115网盘数据.txt
HMN-690,115网盘数据.txt
HMN-707,F盘日本骑兵.txt
HMN-710,F盘日本骑兵.txt
HMN-712,F盘日本骑兵.txt
HMN-763,115网盘数据.txt
HMRK-015,F盘日本骑兵.txt
HND-291,E盘日本骑兵.txt
HND-914,E盘日本骑兵.txt
HND-931,115网盘数据.txt
HNTRZ-020,F盘日本骑兵.txt
HODV-21286,E盘日本骑兵.txt
HODV-21301,F盘日本骑兵.txt
HODV-21939,F盘日本骑兵.txt
HODV-21979,F盘日本骑兵.txt
HODV-21993,115网盘数据.txt
HODV-22029,115网盘数据.txt
HOKS-011,F盘日本骑兵.txt
HOKS-053,F盘日本骑兵.txt
HOKS-072,F盘日本骑兵.txt
HOKS-082,F盘日本骑兵.txt
HOKS-134,E盘日本骑兵.txt
HOKS-161,115网盘数据.txt
HOKS-182,F盘日本骑兵.txt
HOKS-187,E盘日本骑兵.txt
HOKS-201,F盘日本骑兵.txt
HOKS-210,115网盘数据.txt
HOWS-013,115网盘数据.txt
HQIS-013,F盘日本骑兵.txt
HQIS-071,F盘日本骑兵.txt
HRSM-060,F盘日本骑兵.txt
HRSM-068,F盘日本骑兵.txt
HRSM-079,F盘日本骑兵.txt
HRSM-128,115网盘数据.txt
HSODA-003,F盘日本骑兵.txt
HSODA-026,115网盘数据.txt
HSODA-083,115网盘数据.txt
HSODA-093,115网盘数据.txt
HSODA-095,115网盘数据.txt
HTHD-171,E盘日本骑兵.txt
HTHD-184,F盘日本骑兵.txt
HTHD-185,F盘日本骑兵.txt
HTHD-189,E盘日本骑兵.txt
HTHD-197,"115网盘数据.txt, F盘日本骑兵.txt"
HTHD-204,"115网盘数据.txt, E盘日本骑兵.txt"
HTMS-026,F盘日本骑兵.txt
HTMS-029,F盘日本骑兵.txt
HTMS-048,E盘日本骑兵.txt
HTMS-058,F盘日本骑兵.txt
HTMS-083,F盘日本骑兵.txt
HTMS-100,115网盘数据.txt
HUNBL-076,E盘日本骑兵.txt
HUNBL-120,E盘日本骑兵.txt
HUNBL-130,E盘日本骑兵.txt
HUNTA-550,F盘日本骑兵.txt
HUNTA-687,F盘日本骑兵.txt
HUNTA-767,E盘日本骑兵.txt
HUNTA-789,F盘日本骑兵.txt
HUNTA-832,F盘日本骑兵.txt
HUNTA-928,E盘日本骑兵.txt
HUNTA-972,E盘日本骑兵.txt
HUNTB-140,E盘日本骑兵.txt
HUNTB-183,E盘日本骑兵.txt
HUNTB-219,E盘日本骑兵.txt
HUNTB-228,E盘日本骑兵.txt
HUNTB-252,F盘日本骑兵.txt
HUNTB-287,E盘日本骑兵.txt
HUNTB-374,E盘日本骑兵.txt
HUNTB-404,F盘日本骑兵.txt
HUNTB-409,"E盘日本骑兵.txt, F盘日本骑兵.txt"
HUNTB-476,E盘日本骑兵.txt
HUNTB-479,E盘日本骑兵.txt
HUNTB-500,E盘日本骑兵.txt
HUNTB-557,E盘日本骑兵.txt
HUNTB-680,E盘日本骑兵.txt
HUNTB-683,E盘日本骑兵.txt
HUNTB-723,E盘日本骑兵.txt
HUNTC-096,F盘日本骑兵.txt
HUNTC-129,F盘日本骑兵.txt
HUNTC-141,E盘日本骑兵.txt
HUNTC-167,E盘日本骑兵.txt
HUNTC-188,F盘日本骑兵.txt
HUNTC-330,115网盘数据.txt
HUNTC-389,115网盘数据.txt
HUNTC-417,115网盘数据.txt
HWKR-002,F盘日本骑兵.txt
HWKR-003,115网盘数据.txt
HYPN-022,E盘日本骑兵.txt
HYPN-023,F盘日本骑兵.txt
HZGD-153,E盘日本骑兵.txt
HZGD-211,E盘日本骑兵.txt
HZGD-222,E盘日本骑兵.txt
HZGD-246,E盘日本骑兵.txt
HZGD-306,F盘日本骑兵.txt
HZMEN-003,E盘日本骑兵.txt
HZMEN-007,E盘日本骑兵.txt
HZMEN-008,E盘日本骑兵.txt
IBW-866,E盘日本骑兵.txt
ICMN-004,F盘日本骑兵.txt
ICMN-006,E盘日本骑兵.txt
IESP-742,E盘日本骑兵.txt
ILLE-009,E盘日本骑兵.txt
INSTV-674,115网盘数据.txt
IPTD-999,E盘日本骑兵.txt
IPX-023,F盘日本骑兵.txt
IPX-097,E盘日本骑兵.txt
IPX-150,E盘日本骑兵.txt
IPX-184,E盘日本骑兵.txt
IPX-218,E盘日本骑兵.txt
IPX-360,E盘日本骑兵.txt
IPX-369,E盘日本骑兵.txt
IPX-374,E盘日本骑兵.txt
IPX-400,E盘日本骑兵.txt
IPX-430,E盘日本骑兵.txt
IPX-475,E盘日本骑兵.txt
IPX-540,E盘日本骑兵.txt
IPX-541,E盘日本骑兵.txt
IPX-602,E盘日本骑兵.txt
IPX-617,E盘日本骑兵.txt
IPX-620,E盘日本骑兵.txt
IPX-621,E盘日本骑兵.txt
IPX-625,E盘日本骑兵.txt
IPX-633,E盘日本骑兵.txt
IPX-635,F盘日本骑兵.txt
IPX-660,E盘日本骑兵.txt
IPX-668,E盘日本骑兵.txt
IPX-674,E盘日本骑兵.txt
IPX-677,E盘日本骑兵.txt
IPX-691,E盘日本骑兵.txt
IPX-700,E盘日本骑兵.txt
IPX-736,F盘日本骑兵.txt
IPX-770,E盘日本骑兵.txt
IPX-776,E盘日本骑兵.txt
IPX-783,E盘日本骑兵.txt
IPX-826,F盘日本骑兵.txt
IPX-839,E盘日本骑兵.txt
IPX-847,E盘日本骑兵.txt
IPX-867,E盘日本骑兵.txt
IPX-873,E盘日本骑兵.txt
IPX-879,E盘日本骑兵.txt
IPX-954,E盘日本骑兵.txt
IPX-962,E盘日本骑兵.txt
IPX-966,F盘日本骑兵.txt
IPX-977,E盘日本骑兵.txt
IPX-981,E盘日本骑兵.txt
IPZ-001,E盘日本骑兵.txt
IPZ-275,E盘日本骑兵.txt
IPZ-351,E盘日本骑兵.txt
IPZ-409,E盘日本骑兵.txt
IPZ-441,E盘日本骑兵.txt
IPZ-489,E盘日本骑兵.txt
IPZ-559,E盘日本骑兵.txt
IPZ-628,E盘日本骑兵.txt
IPZ-793,E盘日本骑兵.txt
IPZ-864,F盘日本骑兵.txt
IPZZ-011,E盘日本骑兵.txt
IPZZ-018,E盘日本骑兵.txt
IPZZ-037,"E盘日本骑兵.txt, F盘日本骑兵.txt"
IPZZ-038,E盘日本骑兵.txt
IPZZ-041,E盘日本骑兵.txt
IPZZ-053,E盘日本骑兵.txt
IPZZ-137,F盘日本骑兵.txt
IPZZ-144,E盘日本骑兵.txt
IPZZ-188,E盘日本骑兵.txt
IPZZ-198,E盘日本骑兵.txt
IPZZ-203,E盘日本骑兵.txt
IPZZ-252,E盘日本骑兵.txt
IPZZ-253,E盘日本骑兵.txt
IPZZ-359,F盘日本骑兵.txt
IPZZ-372,F盘日本骑兵.txt
IPZZ-401,F盘日本骑兵.txt
IPZZ-437,F盘日本骑兵.txt
IPZZ-457,F盘日本骑兵.txt
IPZZ-475,F盘日本骑兵.txt
IPZZ-477,"115网盘数据.txt, F盘日本骑兵.txt"
IPZZ-521,F盘日本骑兵.txt
IPZZ-546,F盘日本骑兵.txt
IPZZ-574,F盘日本骑兵.txt
IPZZ-602,F盘日本骑兵.txt
IPZZ-629,F盘日本骑兵.txt
IPZZ-681,115网盘数据.txt
IPZZ-710,115网盘数据.txt
IPZZ-738,115网盘数据.txt
IPZZ-777,115网盘数据.txt
IPZZ-796,115网盘数据.txt
IQQQ-031,F盘日本骑兵.txt
ISRD-005,E盘日本骑兵.txt
ISRD-007,E盘日本骑兵.txt
ISRD-011,E盘日本骑兵.txt
ISRD-012,E盘日本骑兵.txt
ISRD-014,E盘日本骑兵.txt
ISRD-018,E盘日本骑兵.txt
ISRD-019,E盘日本骑兵.txt
ISRD-023,F盘日本骑兵.txt
ISRD-024,E盘日本骑兵.txt
JAC-140,E盘日本骑兵.txt
JAC-167,E盘日本骑兵.txt
JAC-172,E盘日本骑兵.txt
JBS-023,E盘日本骑兵.txt
JJAA-026,E盘日本骑兵.txt
JJBK-061,E盘日本骑兵.txt
JJBK-062,E盘日本骑兵.txt
JKW-017,E盘日本骑兵.txt
JKW-020,E盘日本骑兵.txt
JKW-025,E盘日本骑兵.txt
JKZK-023,F盘日本骑兵.txt
JKZK-032,E盘日本骑兵.txt
JNT-101,F盘日本骑兵.txt
JPNXXX-26051,F盘日本骑兵.txt
JRW-002,E盘日本骑兵.txt
JRW-015,E盘日本骑兵.txt
JUC-486,F盘日本骑兵.txt
JUC-878,E盘日本骑兵.txt
JUC-992,115网盘数据.txt
JUFD-030,E盘日本骑兵.txt
JUFD-037,E盘日本骑兵.txt
JUFD-045,F盘日本骑兵.txt
JUFD-053,E盘日本骑兵.txt
JUFD-061,F盘日本骑兵.txt
JUFD-068,E盘日本骑兵.txt
JUFD-077,F盘日本骑兵.txt
JUFD-085,E盘日本骑兵.txt
JUFD-100,E盘日本骑兵.txt
JUFD-106,E盘日本骑兵.txt
JUFD-126,F盘日本骑兵.txt
JUFD-134,F盘日本骑兵.txt
JUFD-141,F盘日本骑兵.txt
JUFD-163,F盘日本骑兵.txt
JUFD-170,F盘日本骑兵.txt
JUFD-171,F盘日本骑兵.txt
JUFD-178,F盘日本骑兵.txt
JUFD-190,E盘日本骑兵.txt
JUFD-205,F盘日本骑兵.txt
JUFD-213,F盘日本骑兵.txt
JUFD-235,F盘日本骑兵.txt
JUFD-250,F盘日本骑兵.txt
JUFD-305,F盘日本骑兵.txt
JUFD-311,F盘日本骑兵.txt
JUFD-337,F盘日本骑兵.txt
JUFD-366,E盘日本骑兵.txt
JUFD-367,F盘日本骑兵.txt
JUFD-372,F盘日本骑兵.txt
JUFD-388,F盘日本骑兵.txt
JUFD-392,F盘日本骑兵.txt
JUFD-409,E盘日本骑兵.txt
JUFD-433,E盘日本骑兵.txt
JUFD-441,E盘日本骑兵.txt
JUFD-453,E盘日本骑兵.txt
JUFD-471,E盘日本骑兵.txt
JUFD-528,E盘日本骑兵.txt
JUFD-532,F盘日本骑兵.txt
JUFD-544,E盘日本骑兵.txt
JUFD-545,F盘日本骑兵.txt
JUFD-548,E盘日本骑兵.txt
JUFD-581,F盘日本骑兵.txt
JUFD-587,E盘日本骑兵.txt
JUFD-591,E盘日本骑兵.txt
JUFD-641,E盘日本骑兵.txt
JUFD-670,F盘日本骑兵.txt
JUFD-833,E盘日本骑兵.txt
JUFD-869,E盘日本骑兵.txt
JUFD-924,E盘日本骑兵.txt
JUFD-962,E盘日本骑兵.txt
JUFD-995,E盘日本骑兵.txt
JUFE-008,E盘日本骑兵.txt
JUFE-012,E盘日本骑兵.txt
JUFE-041,E盘日本骑兵.txt
JUFE-090,E盘日本骑兵.txt
JUFE-101,E盘日本骑兵.txt
JUFE-121,E盘日本骑兵.txt
JUFE-132,F盘日本骑兵.txt
JUFE-143,E盘日本骑兵.txt
JUFE-164,E盘日本骑兵.txt
JUFE-205,E盘日本骑兵.txt
JUFE-251,E盘日本骑兵.txt
JUFE-266,E盘日本骑兵.txt
JUFE-267,F盘日本骑兵.txt
JUFE-271,F盘日本骑兵.txt
JUFE-284,E盘日本骑兵.txt
JUFE-293,E盘日本骑兵.txt
JUFE-298,E盘日本骑兵.txt
JUFE-300,F盘日本骑兵.txt
JUFE-312,E盘日本骑兵.txt
JUFE-314,E盘日本骑兵.txt
JUFE-318,E盘日本骑兵.txt
JUFE-330,E盘日本骑兵.txt
JUFE-338,E盘日本骑兵.txt
JUFE-339,F盘日本骑兵.txt
JUFE-343,E盘日本骑兵.txt
JUFE-353,E盘日本骑兵.txt
JUFE-361,E盘日本骑兵.txt
JUFE-367,E盘日本骑兵.txt
JUFE-370,F盘日本骑兵.txt
JUFE-382,E盘日本骑兵.txt
JUFE-384,E盘日本骑兵.txt
JUFE-387,E盘日本骑兵.txt
JUFE-416,E盘日本骑兵.txt
JUFE-437,F盘日本骑兵.txt
JUFE-441,F盘日本骑兵.txt
JUFE-530,E盘日本骑兵.txt
JUFE-532,E盘日本骑兵.txt
JUFE-534,E盘日本骑兵.txt
JUFE-579,F盘日本骑兵.txt
JUFE-589,115网盘数据.txt
JUFE-590,115网盘数据.txt
JUL-00622,E盘日本骑兵.txt
JUL-018,E盘日本骑兵.txt
JUL-026,E盘日本骑兵.txt
JUL-033,E盘日本骑兵.txt
JUL-043,E盘日本骑兵.txt
JUL-093,E盘日本骑兵.txt
JUL-111,F盘日本骑兵.txt
JUL-134,F盘日本骑兵.txt
JUL-135,E盘日本骑兵.txt
JUL-171,E盘日本骑兵.txt
JUL-185,E盘日本骑兵.txt
JUL-208,E盘日本骑兵.txt
JUL-225,E盘日本骑兵.txt
JUL-259,E盘日本骑兵.txt
JUL-271,E盘日本骑兵.txt
JUL-274,E盘日本骑兵.txt
JUL-289,E盘日本骑兵.txt
JUL-293,E盘日本骑兵.txt
JUL-321,E盘日本骑兵.txt
JUL-331,E盘日本骑兵.txt
JUL-369,E盘日本骑兵.txt
JUL-371,F盘日本骑兵.txt
JUL-377,E盘日本骑兵.txt
JUL-388,E盘日本骑兵.txt
JUL-433,E盘日本骑兵.txt
JUL-443,E盘日本骑兵.txt
JUL-444,E盘日本骑兵.txt
JUL-450,E盘日本骑兵.txt
JUL-461,E盘日本骑兵.txt
JUL-483,E盘日本骑兵.txt
JUL-513,E盘日本骑兵.txt
JUL-526,E盘日本骑兵.txt
JUL-542,E盘日本骑兵.txt
JUL-580,E盘日本骑兵.txt
JUL-582,E盘日本骑兵.txt
JUL-586,E盘日本骑兵.txt
JUL-604,E盘日本骑兵.txt
JUL-606,E盘日本骑兵.txt
JUL-622,E盘日本骑兵.txt
JUL-625,E盘日本骑兵.txt
JUL-631,E盘日本骑兵.txt
JUL-700,E盘日本骑兵.txt
JUL-703,E盘日本骑兵.txt
JUL-724,F盘日本骑兵.txt
JUL-734,E盘日本骑兵.txt
JUL-740,E盘日本骑兵.txt
JUL-746,E盘日本骑兵.txt
JUL-787,F盘日本骑兵.txt
JUL-799,E盘日本骑兵.txt
JUL-832,E盘日本骑兵.txt
JUL-847,E盘日本骑兵.txt
JUL-871,E盘日本骑兵.txt
JUL-887,E盘日本骑兵.txt
JUL-891,F盘日本骑兵.txt
JUL-896,E盘日本骑兵.txt
JUL-904,E盘日本骑兵.txt
JUL-953,E盘日本骑兵.txt
JUL-956,E盘日本骑兵.txt
JUL-960,E盘日本骑兵.txt
JUL-970,E盘日本骑兵.txt
JUL-989,F盘日本骑兵.txt
JUL-999,E盘日本骑兵.txt
JUNY-016,E盘日本骑兵.txt
JUNY-141,E盘日本骑兵.txt
JUQ-003,E盘日本骑兵.txt
JUQ-014,E盘日本骑兵.txt
JUQ-020,E盘日本骑兵.txt
JUQ-028,E盘日本骑兵.txt
JUQ-029,E盘日本骑兵.txt
JUQ-030,E盘日本骑兵.txt
JUQ-066,E盘日本骑兵.txt
JUQ-090,E盘日本骑兵.txt
JUQ-093,E盘日本骑兵.txt
JUQ-108,E盘日本骑兵.txt
JUQ-112,E盘日本骑兵.txt
JUQ-117,E盘日本骑兵.txt
JUQ-141,E盘日本骑兵.txt
JUQ-162,E盘日本骑兵.txt
JUQ-163,F盘日本骑兵.txt
JUQ-177,E盘日本骑兵.txt
JUQ-182,E盘日本骑兵.txt
JUQ-184,E盘日本骑兵.txt
JUQ-191,E盘日本骑兵.txt
JUQ-200,E盘日本骑兵.txt
JUQ-202,E盘日本骑兵.txt
JUQ-203,E盘日本骑兵.txt
JUQ-206,F盘日本骑兵.txt
JUQ-216,E盘日本骑兵.txt
JUQ-239,F盘日本骑兵.txt
JUQ-241,E盘日本骑兵.txt
JUQ-288,E盘日本骑兵.txt
JUQ-321,E盘日本骑兵.txt
JUQ-324,E盘日本骑兵.txt
JUQ-337,E盘日本骑兵.txt
JUQ-344,E盘日本骑兵.txt
JUQ-350,E盘日本骑兵.txt
JUQ-358,E盘日本骑兵.txt
JUQ-365,E盘日本骑兵.txt
JUQ-366,E盘日本骑兵.txt
JUQ-368,"115网盘数据.txt, E盘日本骑兵.txt"
JUQ-373,E盘日本骑兵.txt
JUQ-378,E盘日本骑兵.txt
JUQ-385,"115网盘数据.txt, E盘日本骑兵.txt"
JUQ-387,E盘日本骑兵.txt
JUQ-407,E盘日本骑兵.txt
JUQ-409,E盘日本骑兵.txt
JUQ-426,E盘日本骑兵.txt
JUQ-431,E盘日本骑兵.txt
JUQ-446,E盘日本骑兵.txt
JUQ-456,E盘日本骑兵.txt
JUQ-471,E盘日本骑兵.txt
JUQ-477,E盘日本骑兵.txt
JUQ-484,F盘日本骑兵.txt
JUQ-489,E盘日本骑兵.txt
JUQ-516,E盘日本骑兵.txt
JUQ-532,E盘日本骑兵.txt
JUQ-551,E盘日本骑兵.txt
JUQ-563,E盘日本骑兵.txt
JUQ-569,E盘日本骑兵.txt
JUQ-578,E盘日本骑兵.txt
JUQ-581,E盘日本骑兵.txt
JUQ-587,F盘日本骑兵.txt
JUQ-608,E盘日本骑兵.txt
JUQ-609,"E盘日本骑兵.txt, F盘日本骑兵.txt"
JUQ-612,E盘日本骑兵.txt
JUQ-626,E盘日本骑兵.txt
JUQ-632,E盘日本骑兵.txt
JUQ-642,E盘日本骑兵.txt
JUQ-654,E盘日本骑兵.txt
JUQ-665,E盘日本骑兵.txt
JUQ-672,E盘日本骑兵.txt
JUQ-679,F盘日本骑兵.txt
JUQ-687,E盘日本骑兵.txt
JUQ-696,F盘日本骑兵.txt
JUQ-701,E盘日本骑兵.txt
JUQ-704,F盘日本骑兵.txt
JUQ-708,F盘日本骑兵.txt
JUQ-710,F盘日本骑兵.txt
JUQ-712,F盘日本骑兵.txt
JUQ-720,"E盘日本骑兵.txt, F盘日本骑兵.txt"
JUQ-723,F盘日本骑兵.txt
JUQ-734,E盘日本骑兵.txt
JUQ-750,F盘日本骑兵.txt
JUQ-770,F盘日本骑兵.txt
JUQ-782,F盘日本骑兵.txt
JUQ-803,F盘日本骑兵.txt
JUQ-808,E盘日本骑兵.txt
JUQ-813,F盘日本骑兵.txt
JUQ-814,F盘日本骑兵.txt
JUQ-819,F盘日本骑兵.txt
JUQ-825,F盘日本骑兵.txt
JUQ-830,F盘日本骑兵.txt
JUQ-843,F盘日本骑兵.txt
JUQ-846,F盘日本骑兵.txt
JUQ-861,E盘日本骑兵.txt
JUQ-864,F盘日本骑兵.txt
JUQ-867,F盘日本骑兵.txt
JUQ-876,F盘日本骑兵.txt
JUQ-885,F盘日本骑兵.txt
JUQ-887,115网盘数据.txt
JUQ-901,F盘日本骑兵.txt
JUQ-918,E盘日本骑兵.txt
JUQ-919,F盘日本骑兵.txt
JUQ-924,F盘日本骑兵.txt
JUQ-933,F盘日本骑兵.txt
JUQ-942,F盘日本骑兵.txt
JUQ-943,E盘日本骑兵.txt
JUQ-945,"E盘日本骑兵.txt, F盘日本骑兵.txt"
JUQ-965,E盘日本骑兵.txt
JUQ-969,F盘日本骑兵.txt
JUQ-976,E盘日本骑兵.txt
JUQ-979,F盘日本骑兵.txt
JUR-005,F盘日本骑兵.txt
JUR-020,F盘日本骑兵.txt
JUR-044,F盘日本骑兵.txt
JUR-110,F盘日本骑兵.txt
JUR-116,E盘日本骑兵.txt
JUR-129,F盘日本骑兵.txt
JUR-131,F盘日本骑兵.txt
JUR-143,F盘日本骑兵.txt
JUR-148,"115网盘数据.txt, E盘日本骑兵.txt"
JUR-159,F盘日本骑兵.txt
JUR-165,F盘日本骑兵.txt
JUR-187,F盘日本骑兵.txt
JUR-194,F盘日本骑兵.txt
JUR-210,F盘日本骑兵.txt
JUR-242,F盘日本骑兵.txt
JUR-250,F盘日本骑兵.txt
JUR-289,F盘日本骑兵.txt
JUR-290,F盘日本骑兵.txt
JUR-291,F盘日本骑兵.txt
JUR-292,F盘日本骑兵.txt
JUR-304,F盘日本骑兵.txt
JUR-306,F盘日本骑兵.txt
JUR-312,F盘日本骑兵.txt
JUR-315,F盘日本骑兵.txt
JUR-321,F盘日本骑兵.txt
JUR-325,F盘日本骑兵.txt
JUR-330,115网盘数据.txt
JUR-347,F盘日本骑兵.txt
JUR-352,F盘日本骑兵.txt
JUR-356,115网盘数据.txt
JUR-365,F盘日本骑兵.txt
JUR-371,115网盘数据.txt
JUR-377,F盘日本骑兵.txt
JUR-380,F盘日本骑兵.txt
JUR-383,F盘日本骑兵.txt
JUR-391,115网盘数据.txt
JUR-393,115网盘数据.txt
JUR-401,F盘日本骑兵.txt
JUR-403,115网盘数据.txt
JUR-407,F盘日本骑兵.txt
JUR-422,115网盘数据.txt
JUR-431,115网盘数据.txt
JUR-434,115网盘数据.txt
JUR-438,115网盘数据.txt
JUR-439,115网盘数据.txt
JUR-444,115网盘数据.txt
JUR-446,115网盘数据.txt
JUR-447,115网盘数据.txt
JUR-450,115网盘数据.txt
JUR-455,115网盘数据.txt
JUR-460,115网盘数据.txt
JUR-466,115网盘数据.txt
JUR-477,115网盘数据.txt
JUR-483,115网盘数据.txt
JUR-494,115网盘数据.txt
JUR-495,115网盘数据.txt
JUR-496,115网盘数据.txt
JUR-501,115网盘数据.txt
JUR-506,115网盘数据.txt
JUR-510,115网盘数据.txt
JUR-511,115网盘数据.txt
JUR-516,115网盘数据.txt
JUR-527,115网盘数据.txt
JUR-535,115网盘数据.txt
JUR-540,115网盘数据.txt
JUR-541,115网盘数据.txt
JUR-550,115网盘数据.txt
JUR-552,115网盘数据.txt
JUR-557,115网盘数据.txt
JUR-560,115网盘数据.txt
JUR-564,115网盘数据.txt
JUR-566,115网盘数据.txt
JUR-568,115网盘数据.txt
JUR-582,115网盘数据.txt
JUR-583,115网盘数据.txt
JUR-604,115网盘数据.txt
JUR-606,115网盘数据.txt
JUR-608,115网盘数据.txt
JUR-619,115网盘数据.txt
JUR-637,115网盘数据.txt
JUR-642,115网盘数据.txt
JUR-656,115网盘数据.txt
JURA-105,E盘日本骑兵.txt
JURA-68,115网盘数据.txt
JUTA-177,115网盘数据.txt
JUX-259,E盘日本骑兵.txt
JUX-530,F盘日本骑兵.txt
JUX-547,E盘日本骑兵.txt
JUX-773,F盘日本骑兵.txt
JUY-063,F盘日本骑兵.txt
JUY-072,E盘日本骑兵.txt
JUY-137,E盘日本骑兵.txt
JUY-216,E盘日本骑兵.txt
JUY-457,E盘日本骑兵.txt
JUY-507,"115网盘数据.txt, E盘日本骑兵.txt"
JUY-572,E盘日本骑兵.txt
JUY-608,E盘日本骑兵.txt
JUY-664,E盘日本骑兵.txt
JUY-717,E盘日本骑兵.txt
JUY-840,E盘日本骑兵.txt
JUY-844,E盘日本骑兵.txt
JUY-937,115网盘数据.txt
JUY-979,E盘日本骑兵.txt
JUY-996,E盘日本骑兵.txt
JYMA-029,E盘日本骑兵.txt
JYMA-037,E盘日本骑兵.txt
JYMA-088,115网盘数据.txt
KAM-061,F盘日本骑兵.txt
KAM-121,E盘日本骑兵.txt
KAM-218,F盘日本骑兵.txt
KAM-235,F盘日本骑兵.txt
KAM-236,F盘日本骑兵.txt
KAMEF-108,115网盘数据.txt
KATU-005,E盘日本骑兵.txt
KATU-033,E盘日本骑兵.txt
KATU-042,E盘日本骑兵.txt
KATU-058,E盘日本骑兵.txt
KATU-059,E盘日本骑兵.txt
KATU-062,E盘日本骑兵.txt
KATU-064,E盘日本骑兵.txt
KATU-066,E盘日本骑兵.txt
KATU-067,E盘日本骑兵.txt
KATU-068,E盘日本骑兵.txt
KATU-070,E盘日本骑兵.txt
KATU-071,E盘日本骑兵.txt
KATU-074,E盘日本骑兵.txt
KATU-076,E盘日本骑兵.txt
KATU-078,E盘日本骑兵.txt
KATU-079,E盘日本骑兵.txt
KATU-080,E盘日本骑兵.txt
KATU-081,E盘日本骑兵.txt
KATU-082,E盘日本骑兵.txt
KATU-084,E盘日本骑兵.txt
KATU-087,E盘日本骑兵.txt
KATU-090,E盘日本骑兵.txt
KATU-091,E盘日本骑兵.txt
KATU-092,E盘日本骑兵.txt
KATU-094,E盘日本骑兵.txt
KATU-095,E盘日本骑兵.txt
KATU-099,E盘日本骑兵.txt
KATU-100,E盘日本骑兵.txt
KATU-113,E盘日本骑兵.txt
KATU-117,E盘日本骑兵.txt
KATU-122,E盘日本骑兵.txt
KATU-124,E盘日本骑兵.txt
KATU-127,E盘日本骑兵.txt
KATU-128,F盘日本骑兵.txt
KATU-129,E盘日本骑兵.txt
KATU-131,E盘日本骑兵.txt
KATU-134,E盘日本骑兵.txt
KATU-136,E盘日本骑兵.txt
KATU-137,E盘日本骑兵.txt
KBBA-002,E盘日本骑兵.txt
KBI-031,F盘日本骑兵.txt
KBI-053,F盘日本骑兵.txt
KBI-089,F盘日本骑兵.txt
KBI-095,F盘日本骑兵.txt
KBR-006,E盘日本骑兵.txt
KBR-007,E盘日本骑兵.txt
KBR-009,E盘日本骑兵.txt
KBR-024,F盘日本骑兵.txt
KBR-026,F盘日本骑兵.txt
KBR-030,115网盘数据.txt
KGR-001,F盘日本骑兵.txt
KHIP-005,E盘日本骑兵.txt
KHIP-008,E盘日本骑兵.txt
KHIP-012,E盘日本骑兵.txt
KHIP-014,E盘日本骑兵.txt
KHIP-018,E盘日本骑兵.txt
KHIP-020,E盘日本骑兵.txt
KHSK-001,F盘日本骑兵.txt
KHSK-002,F盘日本骑兵.txt
KHSK-003,115网盘数据.txt
KIL-103,F盘日本骑兵.txt
KING-113,E盘日本骑兵.txt
KIRE-050,E盘日本骑兵.txt
KK-063,F盘日本骑兵.txt
KKBW-004,E盘日本骑兵.txt
KKBW-005,E盘日本骑兵.txt
KKBW-007,E盘日本骑兵.txt
KKBW-010,E盘日本骑兵.txt
KKBW-011,E盘日本骑兵.txt
KKBW-012,E盘日本骑兵.txt
KKBW-013,E盘日本骑兵.txt
KKBW-014,E盘日本骑兵.txt
KKBW-015,E盘日本骑兵.txt
KKBW-018,E盘日本骑兵.txt
KNAM-084,115网盘数据.txt
KNCS-023,F盘日本骑兵.txt
KSBJ-304,F盘日本骑兵.txt
KSBJ-313,E盘日本骑兵.txt
KSBJ-363,F盘日本骑兵.txt
KSFN-014,E盘日本骑兵.txt
KSJK-012,E盘日本骑兵.txt
KTB-005,E盘日本骑兵.txt
KTB-013,F盘日本骑兵.txt
KTB-017,E盘日本骑兵.txt
KTB-020,E盘日本骑兵.txt
KTB-021,E盘日本骑兵.txt
KTB-028,E盘日本骑兵.txt
KTB-030,E盘日本骑兵.txt
KTB-037,E盘日本骑兵.txt
KTB-038,E盘日本骑兵.txt
KTB-043,E盘日本骑兵.txt
KTB-045,E盘日本骑兵.txt
KTB-046,E盘日本骑兵.txt
KTB-047,E盘日本骑兵.txt
KTB-048,E盘日本骑兵.txt
KTB-053,E盘日本骑兵.txt
KTB-064,E盘日本骑兵.txt
KTB-066,E盘日本骑兵.txt
KTB-074,E盘日本骑兵.txt
KTB-084,F盘日本骑兵.txt
KTB-085,F盘日本骑兵.txt
KTB-086,F盘日本骑兵.txt
KTB-097,F盘日本骑兵.txt
KTB-107,115网盘数据.txt
KTEH-001,115网盘数据.txt
KTFT-008,E盘日本骑兵.txt
KTSN-004,F盘日本骑兵.txt
KTVE-001,E盘日本骑兵.txt
KTVE-002,E盘日本骑兵.txt
KTVE-003,E盘日本骑兵.txt
KUSE-034,E盘日本骑兵.txt
KV-302,115网盘数据.txt
KVDD-123,E盘日本骑兵.txt
KYMI-033,F盘日本骑兵.txt
KYMI-043,F盘日本骑兵.txt
LAFBD-29,E盘日本骑兵.txt
LEGSJAPAN-984,E盘日本骑兵.txt
LLDV-124,E盘日本骑兵.txt
LLDV-146,E盘日本骑兵.txt
LUCY-021,115网盘数据.txt
LULU-001,E盘日本骑兵.txt
LULU-010,E盘日本骑兵.txt
LULU-054,F盘日本骑兵.txt
LULU-060,E盘日本骑兵.txt
LULU-074,E盘日本骑兵.txt
LULU-080,E盘日本骑兵.txt
LULU-119,E盘日本骑兵.txt
LULU-129,E盘日本骑兵.txt
LULU-133,E盘日本骑兵.txt
LULU-139,E盘日本骑兵.txt
LULU-149,E盘日本骑兵.txt
LULU-152,E盘日本骑兵.txt
LULU-153,E盘日本骑兵.txt
LULU-158,E盘日本骑兵.txt
LULU-169,E盘日本骑兵.txt
LULU-197,E盘日本骑兵.txt
LULU-210,E盘日本骑兵.txt
LULU-224,E盘日本骑兵.txt
LULU-234,E盘日本骑兵.txt
LULU-238,E盘日本骑兵.txt
LULU-243,E盘日本骑兵.txt
LULU-245,E盘日本骑兵.txt
LULU-248,E盘日本骑兵.txt
LULU-249,E盘日本骑兵.txt
LULU-251,"115网盘数据.txt, E盘日本骑兵.txt"
LULU-254,E盘日本骑兵.txt
LULU-257,E盘日本骑兵.txt
LULU-258,E盘日本骑兵.txt
LULU-284,F盘日本骑兵.txt
LULU-289,E盘日本骑兵.txt
LULU-297,F盘日本骑兵.txt
LULU-298,F盘日本骑兵.txt
LULU-317,F盘日本骑兵.txt
LULU-330,F盘日本骑兵.txt
LULU-332,F盘日本骑兵.txt
LULU-334,F盘日本骑兵.txt
LULU-338,F盘日本骑兵.txt
LULU-340,F盘日本骑兵.txt
LULU-351,F盘日本骑兵.txt
LULU-380,F盘日本骑兵.txt
LULU-393,F盘日本骑兵.txt
LULU-397,115网盘数据.txt
LULU-398,115网盘数据.txt
LULU-399,115网盘数据.txt
LULU-402,115网盘数据.txt
LULU-404,115网盘数据.txt
LULU-405,115网盘数据.txt
LULU-409,115网盘数据.txt
LULU-415,115网盘数据.txt
LULU-418,115网盘数据.txt
LZWM-005,F盘日本骑兵.txt
MAAN-954,E盘日本骑兵.txt
MAAN-988,F盘日本骑兵.txt
MADM-182,E盘日本骑兵.txt
MADM-185,F盘日本骑兵.txt
MADV-550,E盘日本骑兵.txt
MADV-551,E盘日本骑兵.txt
MADV-553,E盘日本骑兵.txt
MADV-566,F盘日本骑兵.txt
MADV-568,E盘日本骑兵.txt
MADV-572,F盘日本骑兵.txt
MADV-581,F盘日本骑兵.txt
MADV-592,F盘日本骑兵.txt
MADV-595,F盘日本骑兵.txt
MADV-596,F盘日本骑兵.txt
MANX-005,E盘日本骑兵.txt
MBRK-012,F盘日本骑兵.txt
MDB-591,F盘日本骑兵.txt
MDB-604,F盘日本骑兵.txt
MDBK-207,E盘日本骑兵.txt
MDBK-264,E盘日本骑兵.txt
MDBK-289,E盘日本骑兵.txt
MDBK-302,E盘日本骑兵.txt
MDBK-313,F盘日本骑兵.txt
MDBK-343,F盘日本骑兵.txt
MDON-085,115网盘数据.txt
MDS-900,E盘日本骑兵.txt
MDSR-001,E盘日本骑兵.txt
MDYD-343,E盘日本骑兵.txt
MDYD-541,F盘日本骑兵.txt
MDYD-754,F盘日本骑兵.txt
MDYD-791,E盘日本骑兵.txt
MDYD-810,F盘日本骑兵.txt
MDYD-911,F盘日本骑兵.txt
MEKO-293,115网盘数据.txt
MEKO-320,F盘日本骑兵.txt
MEKO-335,"115网盘数据.txt, F盘日本骑兵.txt"
MEKO-338,115网盘数据.txt
MESU-103,F盘日本骑兵.txt
MESU-136,115网盘数据.txt
MEYD-103,"E盘日本骑兵.txt, F盘日本骑兵.txt"
MEYD-107,F盘日本骑兵.txt
MEYD-126,F盘日本骑兵.txt
MEYD-531,E盘日本骑兵.txt
MEYD-568,E盘日本骑兵.txt
MEYD-584,F盘日本骑兵.txt
MEYD-605,E盘日本骑兵.txt
MEYD-613,E盘日本骑兵.txt
MEYD-652,E盘日本骑兵.txt
MEYD-684,E盘日本骑兵.txt
MEYD-695,E盘日本骑兵.txt
MEYD-733,E盘日本骑兵.txt
MEYD-800,115网盘数据.txt
MEYD-831,E盘日本骑兵.txt
MEYD-844,E盘日本骑兵.txt
MEYD-855,115网盘数据.txt
MEYD-861,E盘日本骑兵.txt
MEYD-877,115网盘数据.txt
MEYD-880,E盘日本骑兵.txt
MEYD-881,E盘日本骑兵.txt
MEYD-890,"E盘日本骑兵.txt, F盘日本骑兵.txt"
MEYD-909,E盘日本骑兵.txt
MEYD-914,E盘日本骑兵.txt
MEYD-923,F盘日本骑兵.txt
MFYD-013,F盘日本骑兵.txt
MFYD-024,F盘日本骑兵.txt
MFYD-028,F盘日本骑兵.txt
MFYD-032,115网盘数据.txt
MGNL-128,115网盘数据.txt
MGOLD-043,115网盘数据.txt
MIAA-00160,E盘日本骑兵.txt
MIAA-028,E盘日本骑兵.txt
MIAA-051,F盘日本骑兵.txt
MIAA-081,E盘日本骑兵.txt
MIAA-099,E盘日本骑兵.txt
MIAA-119,E盘日本骑兵.txt
MIAA-157,E盘日本骑兵.txt
MIAA-190,E盘日本骑兵.txt
MIAA-214,E盘日本骑兵.txt
MIAA-249,E盘日本骑兵.txt
MIAA-255,F盘日本骑兵.txt
MIAA-270,E盘日本骑兵.txt
MIAA-299,E盘日本骑兵.txt
MIAA-307,E盘日本骑兵.txt
MIAA-320,E盘日本骑兵.txt
MIAA-355,E盘日本骑兵.txt
MIAA-370,E盘日本骑兵.txt
MIAA-440,E盘日本骑兵.txt
MIAA-478,E盘日本骑兵.txt
MIAA-482,E盘日本骑兵.txt
MIAA-483,E盘日本骑兵.txt
MIAA-495,E盘日本骑兵.txt
MIAA-508,E盘日本骑兵.txt
MIAA-519,E盘日本骑兵.txt
MIAA-520,F盘日本骑兵.txt
MIAA-548,E盘日本骑兵.txt
MIAA-551,E盘日本骑兵.txt
MIAA-586,E盘日本骑兵.txt
MIAA-598,E盘日本骑兵.txt
MIAA-604,E盘日本骑兵.txt
MIAA-606,E盘日本骑兵.txt
MIAA-611,E盘日本骑兵.txt
MIAA-613,E盘日本骑兵.txt
MIAA-618,E盘日本骑兵.txt
MIAA-625,E盘日本骑兵.txt
MIAA-647,E盘日本骑兵.txt
MIAA-688,F盘日本骑兵.txt
MIAA-730,E盘日本骑兵.txt
MIAA-759,E盘日本骑兵.txt
MIAA-819,E盘日本骑兵.txt
MIAA-823,E盘日本骑兵.txt
MIAA-845,"115网盘数据.txt, E盘日本骑兵.txt"
MIAA-939,F盘日本骑兵.txt
MIAA-968,E盘日本骑兵.txt
MIAB-009,E盘日本骑兵.txt
MIAB-014,E盘日本骑兵.txt
MIAB-043,E盘日本骑兵.txt
MIAB-072,"115网盘数据.txt, E盘日本骑兵.txt"
MIAB-086,E盘日本骑兵.txt
MIAB-088,E盘日本骑兵.txt
MIAB-099,E盘日本骑兵.txt
MIAB-102,E盘日本骑兵.txt
MIAB-104,E盘日本骑兵.txt
MIAB-128,E盘日本骑兵.txt
MIAB-139,E盘日本骑兵.txt
MIAB-142,E盘日本骑兵.txt
MIAB-143,E盘日本骑兵.txt
MIAB-159,E盘日本骑兵.txt
MIAB-201,F盘日本骑兵.txt
MIAB-245,E盘日本骑兵.txt
MIAB-259,F盘日本骑兵.txt
MIAB-317,F盘日本骑兵.txt
MIAB-355,115网盘数据.txt
MIAB-360,F盘日本骑兵.txt
MIAB-418,F盘日本骑兵.txt
MIAB-427,F盘日本骑兵.txt
MIAB-431,F盘日本骑兵.txt
MIAB-462,F盘日本骑兵.txt
MIAB-474,F盘日本骑兵.txt
MIAB-488,F盘日本骑兵.txt
MIAB-502,F盘日本骑兵.txt
MIAB-521,F盘日本骑兵.txt
MIAB-534,115网盘数据.txt
MIAB-575,115网盘数据.txt
MIAD-593,"E盘日本骑兵.txt, F盘日本骑兵.txt"
MIAD-632,E盘日本骑兵.txt
MIAD-657,E盘日本骑兵.txt
MIAD-663,E盘日本骑兵.txt
MIAD-685,E盘日本骑兵.txt
MIAD-705,F盘日本骑兵.txt
MIAD-711,E盘日本骑兵.txt
MIAD-760,F盘日本骑兵.txt
MIAD-907,F盘日本骑兵.txt
MIAE-043,F盘日本骑兵.txt
MIBB-049,F盘日本骑兵.txt
MIBB-058,F盘日本骑兵.txt
MIDA-007,F盘日本骑兵.txt
MIDA-008,F盘日本骑兵.txt
MIDA-029,F盘日本骑兵.txt
MIDA-040,F盘日本骑兵.txt
MIDA-067,F盘日本骑兵.txt
MIDA-089,115网盘数据.txt
MIDA-125,F盘日本骑兵.txt
MIDA-134,F盘日本骑兵.txt
MIDA-139,F盘日本骑兵.txt
MIDA-141,F盘日本骑兵.txt
MIDA-143,F盘日本骑兵.txt
MIDA-144,F盘日本骑兵.txt
MIDA-145,F盘日本骑兵.txt
MIDA-161,F盘日本骑兵.txt
MIDA-163,F盘日本骑兵.txt
MIDA-183,F盘日本骑兵.txt
MIDA-200,F盘日本骑兵.txt
MIDA-204,F盘日本骑兵.txt
MIDA-234,F盘日本骑兵.txt
MIDA-241,F盘日本骑兵.txt
MIDA-256,F盘日本骑兵.txt
MIDA-324,115网盘数据.txt
MIDA-344,115网盘数据.txt
MIDA-356,115网盘数据.txt
MIDA-402,115网盘数据.txt
MIDA-406,115网盘数据.txt
MIDA-472,115网盘数据.txt
MIDD-785,E盘日本骑兵.txt
MIDE-020,E盘日本骑兵.txt
MIDE-075,E盘日本骑兵.txt
MIDE-095,F盘日本骑兵.txt
MIDE-128,E盘日本骑兵.txt
MIDE-175,F盘日本骑兵.txt
MIDE-307,E盘日本骑兵.txt
MIDE-487,F盘日本骑兵.txt
MIDE-596,E盘日本骑兵.txt
MIDE-615,E盘日本骑兵.txt
MIDE-712,F盘日本骑兵.txt
MIDE-735,E盘日本骑兵.txt
MIDE-750,E盘日本骑兵.txt
MIDE-762,E盘日本骑兵.txt
MIDE-776,E盘日本骑兵.txt
MIDE-837,E盘日本骑兵.txt
MIDE-909,E盘日本骑兵.txt
MIDE-934,E盘日本骑兵.txt
MIDE-936,E盘日本骑兵.txt
MIDE-970,E盘日本骑兵.txt
MIDV-046,E盘日本骑兵.txt
MIDV-082,E盘日本骑兵.txt
MIDV-176,E盘日本骑兵.txt
MIDV-189,E盘日本骑兵.txt
MIDV-240,E盘日本骑兵.txt
MIDV-245,E盘日本骑兵.txt
MIDV-246,F盘日本骑兵.txt
MIDV-286,E盘日本骑兵.txt
MIDV-308,"E盘日本骑兵.txt, F盘日本骑兵.txt"
MIDV-401,E盘日本骑兵.txt
MIDV-402,E盘日本骑兵.txt
MIDV-460,"115网盘数据.txt, E盘日本骑兵.txt"
MIDV-488,E盘日本骑兵.txt
MIDV-550,115网盘数据.txt
MIDV-611,F盘日本骑兵.txt
MIDV-640,E盘日本骑兵.txt
MIDV-657,E盘日本骑兵.txt
MIDV-673,E盘日本骑兵.txt
MIDV-675,E盘日本骑兵.txt
MIDV-727,E盘日本骑兵.txt
MIDV-760,F盘日本骑兵.txt
MIDV-835,F盘日本骑兵.txt
MIDV-857,E盘日本骑兵.txt
MIDV-858,115网盘数据.txt
MIDV-890,F盘日本骑兵.txt
MIDV-988,F盘日本骑兵.txt
MIDV-999,E盘日本骑兵.txt
MIFD-086,E盘日本骑兵.txt
MIKR-023,F盘日本骑兵.txt
MIKR-028,F盘日本骑兵.txt
MIKR-051,115网盘数据.txt
MIKR-060,115网盘数据.txt
MILK-269,115网盘数据.txt
MIMK-056,E盘日本骑兵.txt
MIMK-057,E盘日本骑兵.txt
MIMK-061,E盘日本骑兵.txt
MIMK-062,E盘日本骑兵.txt
MIMK-070,E盘日本骑兵.txt
MIMK-085,E盘日本骑兵.txt
MIMK-087,E盘日本骑兵.txt
MIMK-090,E盘日本骑兵.txt
MIMK-091,E盘日本骑兵.txt
MIMK-095,E盘日本骑兵.txt
MIMK-096,115网盘数据.txt
MIMK-098,E盘日本骑兵.txt
MIMK-101,E盘日本骑兵.txt
MIMK-103,E盘日本骑兵.txt
MIMK-104,E盘日本骑兵.txt
MIMK-105,E盘日本骑兵.txt
MIMK-108,E盘日本骑兵.txt
MIMK-111,E盘日本骑兵.txt
MIMK-115,E盘日本骑兵.txt
MIMK-122,E盘日本骑兵.txt
MIMK-123,E盘日本骑兵.txt
MIMK-127,E盘日本骑兵.txt
MIMK-129,E盘日本骑兵.txt
MIMK-139,E盘日本骑兵.txt
MIMK-140,E盘日本骑兵.txt
MIMK-142,F盘日本骑兵.txt
MIMK-156,F盘日本骑兵.txt
MIMK-158,E盘日本骑兵.txt
MIMK-198,115网盘数据.txt
MIMK-217,F盘日本骑兵.txt
MIMK-230,F盘日本骑兵.txt
MIMK-231,F盘日本骑兵.txt
MIMK-232,F盘日本骑兵.txt
MIMU-024,F盘日本骑兵.txt
MIRD-131,F盘日本骑兵.txt
MIRD-226,E盘日本骑兵.txt
MIRD-232,E盘日本骑兵.txt
MIRD-244,F盘日本骑兵.txt
MIRD-246,F盘日本骑兵.txt
MIRD-250,F盘日本骑兵.txt
MIRD-259,F盘日本骑兵.txt
MISM-179,F盘日本骑兵.txt
MISM-305,E盘日本骑兵.txt
MISM-356,E盘日本骑兵.txt
MISM-417,115网盘数据.txt
MIST-294,E盘日本骑兵.txt
MIUM-1228,F盘日本骑兵.txt
MIUM-899,E盘日本骑兵.txt
MKMP-392,E盘日本骑兵.txt
MKMP-447,E盘日本骑兵.txt
MKMP-463,E盘日本骑兵.txt
MKMP-549,E盘日本骑兵.txt
MKMP-556,E盘日本骑兵.txt
MKMP-633,F盘日本骑兵.txt
MKMP-636,F盘日本骑兵.txt
MKMP-649,F盘日本骑兵.txt
MKMP-668,115网盘数据.txt
MKMP-690,115网盘数据.txt
MKON-083,F盘日本骑兵.txt
MKON-086,E盘日本骑兵.txt
MLP-002,E盘日本骑兵.txt
MLP-003,E盘日本骑兵.txt
MLP-004,E盘日本骑兵.txt
MLP-005,E盘日本骑兵.txt
MLP-006,E盘日本骑兵.txt
MLP-007,E盘日本骑兵.txt
MLP-008,F盘日本骑兵.txt
MMGH-251,E盘日本骑兵.txt
MMGH-281,E盘日本骑兵.txt
MMYM-057,E盘日本骑兵.txt
MMYM-060,E盘日本骑兵.txt
MNGS-006,F盘日本骑兵.txt
MOND-001,F盘日本骑兵.txt
MOND-002,F盘日本骑兵.txt
MOND-038,"115网盘数据.txt, F盘日本骑兵.txt"
MOND-211,E盘日本骑兵.txt
MOND-213,E盘日本骑兵.txt
MOND-239,E盘日本骑兵.txt
MOND-250,E盘日本骑兵.txt
MOND-264,E盘日本骑兵.txt
MOND-280,F盘日本骑兵.txt
MOND-291,F盘日本骑兵.txt
MOON-022,E盘日本骑兵.txt
MOON-026,E盘日本骑兵.txt
MOON-044,F盘日本骑兵.txt
MRHP-003,F盘日本骑兵.txt
MRHP-008,E盘日本骑兵.txt
MRHP-011,E盘日本骑兵.txt
MRHP-014,E盘日本骑兵.txt
MRHP-017,115网盘数据.txt
MRHP-018,E盘日本骑兵.txt
MRHP-020,E盘日本骑兵.txt
MRHP-021,E盘日本骑兵.txt
MRHP-022,E盘日本骑兵.txt
MRHP-025,E盘日本骑兵.txt
MRHP-027,"115网盘数据.txt, E盘日本骑兵.txt"
MRHP-028,E盘日本骑兵.txt
MRHP-030,F盘日本骑兵.txt
MRHP-033,E盘日本骑兵.txt
MRHP-040,F盘日本骑兵.txt
MRHP-047,F盘日本骑兵.txt
MRHP-048,F盘日本骑兵.txt
MRSS-052,E盘日本骑兵.txt
MRSS-058,E盘日本骑兵.txt
MRSS-059,E盘日本骑兵.txt
MRSS-073,F盘日本骑兵.txt
MRSS-079,E盘日本骑兵.txt
MRSS-087,E盘日本骑兵.txt
MRSS-089,F盘日本骑兵.txt
MRSS-095,E盘日本骑兵.txt
MRSS-097,F盘日本骑兵.txt
MRSS-126,E盘日本骑兵.txt
MRSS-144,115网盘数据.txt
MRSS-156,F盘日本骑兵.txt
MRSS-172,115网盘数据.txt
MRSS-176,115网盘数据.txt
MRSS-179,115网盘数据.txt
MSAJ-005,E盘日本骑兵.txt
MSAJ-006,E盘日本骑兵.txt
MSAJ-007,E盘日本骑兵.txt
MSAJ-008,E盘日本骑兵.txt
MSAJ-009,E盘日本骑兵.txt
MSAJ-010,E盘日本骑兵.txt
MSAJ-011,E盘日本骑兵.txt
MSAJ-012,E盘日本骑兵.txt
MSAJ-013,E盘日本骑兵.txt
MSAJ-014,E盘日本骑兵.txt
MSAJ-016,115网盘数据.txt
MSAJ-018,115网盘数据.txt
MSAJ-019,115网盘数据.txt
MSET-001,E盘日本骑兵.txt
MSFH-018,E盘日本骑兵.txt
MSFH-061,E盘日本骑兵.txt
MTALL-103,"E盘日本骑兵.txt, F盘日本骑兵.txt"
MTALL-115,E盘日本骑兵.txt
MTALL-136,F盘日本骑兵.txt
MTES-110,E盘日本骑兵.txt
MTES-119,E盘日本骑兵.txt
MUDR-006,E盘日本骑兵.txt
MUDR-040,E盘日本骑兵.txt
MUDR-041,E盘日本骑兵.txt
MUDR-125,E盘日本骑兵.txt
MUDR-198,E盘日本骑兵.txt
MUDR-214,E盘日本骑兵.txt
MUDR-226,E盘日本骑兵.txt
MUDR-235,E盘日本骑兵.txt
MUDR-250,115网盘数据.txt
MUDR-296,E盘日本骑兵.txt
MUDR-334,115网盘数据.txt
MUKD-478,E盘日本骑兵.txt
MUKD-484,E盘日本骑兵.txt
MUKD-551,115网盘数据.txt
MUSK-010,E盘日本骑兵.txt
MVSD-212,F盘日本骑兵.txt
MVSD-432,E盘日本骑兵.txt
MVSD-433,E盘日本骑兵.txt
MVSD-438,F盘日本骑兵.txt
MVSD-467,E盘日本骑兵.txt
MVSD-471,F盘日本骑兵.txt
MVSD-473,E盘日本骑兵.txt
MVSD-475,E盘日本骑兵.txt
MVSD-499,E盘日本骑兵.txt
MVSD-512,E盘日本骑兵.txt
MVSD-545,F盘日本骑兵.txt
MVSD-652,"115网盘数据.txt, F盘日本骑兵.txt"
MVSD-656,115网盘数据.txt
MVSD-658,115网盘数据.txt
MVSD-662,115网盘数据.txt
MXBD-218,E盘日本骑兵.txt
MXGS-102,F盘日本骑兵.txt
MXGS-1044,E盘日本骑兵.txt
MXGS-1093,E盘日本骑兵.txt
MXGS-148,F盘日本骑兵.txt
MXGS-694,F盘日本骑兵.txt
MXGS-697,F盘日本骑兵.txt
MXGS-741,F盘日本骑兵.txt
MXGS-784,F盘日本骑兵.txt
MXGS-788,F盘日本骑兵.txt
MXGS-859,F盘日本骑兵.txt
MXGS-861,F盘日本骑兵.txt
MXGS-868,F盘日本骑兵.txt
MXGS-891,F盘日本骑兵.txt
MXGS-912,F盘日本骑兵.txt
MYAB-001,E盘日本骑兵.txt
MYAB-004,E盘日本骑兵.txt
NACR-414,E盘日本骑兵.txt
NACR-672,E盘日本骑兵.txt
NACR-828,F盘日本骑兵.txt
NACT-005,115网盘数据.txt
NACT-008,"115网盘数据.txt, F盘日本骑兵.txt"
NACT-021,115网盘数据.txt
NADE-958,E盘日本骑兵.txt
NAMH-048,115网盘数据.txt
NASH-857,E盘日本骑兵.txt
NASK-140,F盘日本骑兵.txt
NATR-511,E盘日本骑兵.txt
NBES-059,115网盘数据.txt
NDRA-004,E盘日本骑兵.txt
NDRA-010,F盘日本骑兵.txt
NDRA-018,F盘日本骑兵.txt
NDRA-028,E盘日本骑兵.txt
NDRA-031,F盘日本骑兵.txt
NDRA-042,E盘日本骑兵.txt
NDRA-067,E盘日本骑兵.txt
NDRA-083,E盘日本骑兵.txt
NDRA-086,E盘日本骑兵.txt
NDRA-088,E盘日本骑兵.txt
NDRA-089,E盘日本骑兵.txt
NDRA-092,E盘日本骑兵.txt
NDRA-093,E盘日本骑兵.txt
NDRA-094,E盘日本骑兵.txt
NDRA-095,E盘日本骑兵.txt
NDRA-098,E盘日本骑兵.txt
NDRA-099,E盘日本骑兵.txt
NDRA-100,E盘日本骑兵.txt
NDRA-101,E盘日本骑兵.txt
NDRA-102,E盘日本骑兵.txt
NDRA-103,E盘日本骑兵.txt
NDRA-104,E盘日本骑兵.txt
NDRA-107,E盘日本骑兵.txt
NDRA-108,E盘日本骑兵.txt
NDRA-109,E盘日本骑兵.txt
NDRA-110,E盘日本骑兵.txt
NDRA-112,E盘日本骑兵.txt
NDRA-120,F盘日本骑兵.txt
NDRA-121,F盘日本骑兵.txt
NDWQ-003,E盘日本骑兵.txt
NEO-818,F盘日本骑兵.txt
NGHJ-012,F盘日本骑兵.txt
NGOD-020,F盘日本骑兵.txt
NGOD-046,E盘日本骑兵.txt
NGOD-144,E盘日本骑兵.txt
NGOD-145,E盘日本骑兵.txt
NGOD-147,115网盘数据.txt
NGOD-172,E盘日本骑兵.txt
NGOD-181,E盘日本骑兵.txt
NGOD-184,E盘日本骑兵.txt
NGOD-204,E盘日本骑兵.txt
NGOD-241,E盘日本骑兵.txt
NGOD-243,F盘日本骑兵.txt
NGOD-253,"115网盘数据.txt, F盘日本骑兵.txt"
NGOD-295,115网盘数据.txt
NGOD-306,115网盘数据.txt
NHDTA-609,E盘日本骑兵.txt
NHDTA-611,E盘日本骑兵.txt
NHDTA-630,F盘日本骑兵.txt
NHDTA-655,F盘日本骑兵.txt
NHDTA-668,E盘日本骑兵.txt
NHDTA-808,E盘日本骑兵.txt
NHDTA-997,E盘日本骑兵.txt
NHDTB-077,E盘日本骑兵.txt
NHDTB-111,E盘日本骑兵.txt
NHDTB-130,E盘日本骑兵.txt
NHDTB-161,E盘日本骑兵.txt
NHDTB-181,F盘日本骑兵.txt
NHDTB-203,E盘日本骑兵.txt
NHDTB-223,F盘日本骑兵.txt
NHDTB-234,F盘日本骑兵.txt
NHDTB-238,E盘日本骑兵.txt
NHDTB-254,F盘日本骑兵.txt
NHDTB-257,E盘日本骑兵.txt
NHDTB-297,E盘日本骑兵.txt
NHDTB-338,E盘日本骑兵.txt
NHDTB-410,E盘日本骑兵.txt
NHDTB-411,E盘日本骑兵.txt
NHDTB-439,F盘日本骑兵.txt
NHDTB-463,E盘日本骑兵.txt
NHDTB-492,F盘日本骑兵.txt
NHDTB-504,E盘日本骑兵.txt
NHDTB-506,F盘日本骑兵.txt
NHDTB-518,E盘日本骑兵.txt
NHDTB-530,E盘日本骑兵.txt
NHDTB-572,E盘日本骑兵.txt
NHDTB-573,E盘日本骑兵.txt
NHDTB-598,E盘日本骑兵.txt
NHDTB-613,E盘日本骑兵.txt
NHDTB-634,115网盘数据.txt
NHDTB-637,E盘日本骑兵.txt
NHDTB-639,E盘日本骑兵.txt
NHDTB-655,E盘日本骑兵.txt
NHDTB-668,E盘日本骑兵.txt
NHDTB-674,E盘日本骑兵.txt
NHDTB-693,115网盘数据.txt
NHDTB-702,E盘日本骑兵.txt
NHDTB-736,E盘日本骑兵.txt
NHDTB-775,E盘日本骑兵.txt
NHDTB-799,F盘日本骑兵.txt
NHDTB-80003,E盘日本骑兵.txt
NHDTB-81901,F盘日本骑兵.txt
NHDTB-822,E盘日本骑兵.txt
NHDTB-880,115网盘数据.txt
NHDTB-88003,F盘日本骑兵.txt
NHDTB-883,E盘日本骑兵.txt
NHDTB-896,E盘日本骑兵.txt
NHDTB-906,E盘日本骑兵.txt
NHDTB-921,E盘日本骑兵.txt
NHDTB-92301,E盘日本骑兵.txt
NHDTB-925,F盘日本骑兵.txt
NHDTB-926,115网盘数据.txt
NHDTB-927,F盘日本骑兵.txt
NHDTB-929,F盘日本骑兵.txt
NHDTB-938,E盘日本骑兵.txt
NHDTB-93802,F盘日本骑兵.txt
NHDTB-972,F盘日本骑兵.txt
NHDTB-984,E盘日本骑兵.txt
NHDTC-010,115网盘数据.txt
NHDTC-015,115网盘数据.txt
NHDTC-041,115网盘数据.txt
NHDTC-042,115网盘数据.txt
NHDTC-055,115网盘数据.txt
NHDTC-066,115网盘数据.txt
NHDTC-074,115网盘数据.txt
NHDTC-099,115网盘数据.txt
NHDTC-113,115网盘数据.txt
NHDTC-118,115网盘数据.txt
NHDTC-123,115网盘数据.txt
NHDTC-130,115网盘数据.txt
NHDTC-142,115网盘数据.txt
NHDTC-150,115网盘数据.txt
NIMA-012,E盘日本骑兵.txt
NIMA-017,E盘日本骑兵.txt
NIMA-018,E盘日本骑兵.txt
NIMA-020,E盘日本骑兵.txt
NIMA-022,E盘日本骑兵.txt
NIMA-023,F盘日本骑兵.txt
NIMA-024,F盘日本骑兵.txt
NIMA-027,E盘日本骑兵.txt
NIMA-037,F盘日本骑兵.txt
NIMA-041,F盘日本骑兵.txt
NIMA-054,F盘日本骑兵.txt
NIMA-055,F盘日本骑兵.txt
NITR-120,F盘日本骑兵.txt
NITR-179,F盘日本骑兵.txt
NITR-184,F盘日本骑兵.txt
NITR-223,F盘日本骑兵.txt
NITR-248,F盘日本骑兵.txt
NITR-282,E盘日本骑兵.txt
NITR-367,F盘日本骑兵.txt
NITR-442,F盘日本骑兵.txt
NITR-443,F盘日本骑兵.txt
NITR-445,F盘日本骑兵.txt
NITR-461,F盘日本骑兵.txt
NITR-462,E盘日本骑兵.txt
NITR-467,F盘日本骑兵.txt
NITR-473,F盘日本骑兵.txt
NITR-478,F盘日本骑兵.txt
NITR-480,F盘日本骑兵.txt
NITR-483,F盘日本骑兵.txt
NITR-486,F盘日本骑兵.txt
NITR-490,F盘日本骑兵.txt
NITR-492,F盘日本骑兵.txt
NITR-501,F盘日本骑兵.txt
NITR-512,F盘日本骑兵.txt
NITR-515,F盘日本骑兵.txt
NITR-516,F盘日本骑兵.txt
NITR-520,E盘日本骑兵.txt
NITR-521,F盘日本骑兵.txt
NITR-523,F盘日本骑兵.txt
NITR-526,E盘日本骑兵.txt
NITR-530,F盘日本骑兵.txt
NITR-534,F盘日本骑兵.txt
NITR-536,E盘日本骑兵.txt
NITR-544,F盘日本骑兵.txt
NJP-001,E盘日本骑兵.txt
NKKD-140,E盘日本骑兵.txt
NKKD-200,F盘日本骑兵.txt
NKKD-213,E盘日本骑兵.txt
NKKD-225,F盘日本骑兵.txt
NKKD-319,E盘日本骑兵.txt
NMSL-001,F盘日本骑兵.txt
NMSL-002,F盘日本骑兵.txt
NMSL-003,F盘日本骑兵.txt
NMSL-004,F盘日本骑兵.txt
NMSL-005,F盘日本骑兵.txt
NMSL-006,F盘日本骑兵.txt
NMSL-007,F盘日本骑兵.txt
NMSL-008,F盘日本骑兵.txt
NMSL-009,F盘日本骑兵.txt
NMSL-010,F盘日本骑兵.txt
NMSL-011,F盘日本骑兵.txt
NMSL-013,F盘日本骑兵.txt
NMSL-016,115网盘数据.txt
NMSL-017,115网盘数据.txt
NMSL-019,115网盘数据.txt
NMSL-024,115网盘数据.txt
NMSL-027,115网盘数据.txt
NMSL-028,115网盘数据.txt
NMSL-029,115网盘数据.txt
NMSL-030,115网盘数据.txt
NMSL-031,115网盘数据.txt
NNPJ-524,E盘日本骑兵.txt
NOP-011,E盘日本骑兵.txt
NOP-014,E盘日本骑兵.txt
NOP-026,E盘日本骑兵.txt
NOSKN-068,E盘日本骑兵.txt
NPH-016,E盘日本骑兵.txt
NPH-018,E盘日本骑兵.txt
NPH-039,E盘日本骑兵.txt
NPH-040,E盘日本骑兵.txt
NPH-044,E盘日本骑兵.txt
NPH-045,E盘日本骑兵.txt
NPH-066,E盘日本骑兵.txt
NPH-067,E盘日本骑兵.txt
NPH-068,E盘日本骑兵.txt
NPH-070,E盘日本骑兵.txt
NPJS-036,F盘日本骑兵.txt
NPJS-050,F盘日本骑兵.txt
NSFS-003,E盘日本骑兵.txt
NSFS-008,E盘日本骑兵.txt
NSFS-063,E盘日本骑兵.txt
NSFS-064,E盘日本骑兵.txt
NSFS-071,E盘日本骑兵.txt
NSFS-077,E盘日本骑兵.txt
NSFS-079,E盘日本骑兵.txt
NSFS-081,E盘日本骑兵.txt
NSFS-099,E盘日本骑兵.txt
NSFS-101,E盘日本骑兵.txt
NSFS-111,E盘日本骑兵.txt
NSFS-123,E盘日本骑兵.txt
NSFS-135,E盘日本骑兵.txt
NSFS-147,E盘日本骑兵.txt
NSFS-167,E盘日本骑兵.txt
NSFS-175,E盘日本骑兵.txt
NSFS-179,F盘日本骑兵.txt
NSFS-188,E盘日本骑兵.txt
NSFS-211,E盘日本骑兵.txt
NSFS-221,E盘日本骑兵.txt
NSFS-301,115网盘数据.txt
NSFS-351,115网盘数据.txt
NSFS-353,F盘日本骑兵.txt
NSFS-355,F盘日本骑兵.txt
NSFS-359,F盘日本骑兵.txt
NSFS-360,F盘日本骑兵.txt
NSFS-361,F盘日本骑兵.txt
NSFS-373,F盘日本骑兵.txt
NSFS-389,F盘日本骑兵.txt
NSFS-409,115网盘数据.txt
NSFS-413,115网盘数据.txt
NSFS-417,115网盘数据.txt
NSFS-425,115网盘数据.txt
NSFS-432,115网盘数据.txt
NSFS-436,115网盘数据.txt
NSODN-002,115网盘数据.txt
NSODN-003,115网盘数据.txt
NSODN-010,115网盘数据.txt
NSODN-013,115网盘数据.txt
NSPS-001,F盘日本骑兵.txt
NSPS-003,F盘日本骑兵.txt
NSPS-006,F盘日本骑兵.txt
NSPS-011,F盘日本骑兵.txt
NSPS-019,F盘日本骑兵.txt
NSPS-029,F盘日本骑兵.txt
NSPS-030,F盘日本骑兵.txt
NSPS-031,F盘日本骑兵.txt
NSPS-033,F盘日本骑兵.txt
NSPS-035,F盘日本骑兵.txt
NSPS-041,F盘日本骑兵.txt
NSPS-047,F盘日本骑兵.txt
NSPS-061,F盘日本骑兵.txt
NSPS-062,F盘日本骑兵.txt
NSPS-063,F盘日本骑兵.txt
NSPS-065,F盘日本骑兵.txt
NSPS-066,F盘日本骑兵.txt
NSPS-067,F盘日本骑兵.txt
NSPS-069,F盘日本骑兵.txt
NSPS-070,E盘日本骑兵.txt
NSPS-073,F盘日本骑兵.txt
NSPS-074,E盘日本骑兵.txt
NSPS-078,F盘日本骑兵.txt
NSPS-079,F盘日本骑兵.txt
NSPS-085,F盘日本骑兵.txt
NSPS-086,E盘日本骑兵.txt
NSPS-087,E盘日本骑兵.txt
NSPS-089,F盘日本骑兵.txt
NSPS-090,F盘日本骑兵.txt
NSPS-091,E盘日本骑兵.txt
NSPS-094,F盘日本骑兵.txt
NSPS-098,F盘日本骑兵.txt
NSPS-099,F盘日本骑兵.txt
NSPS-101,F盘日本骑兵.txt
NSPS-109,F盘日本骑兵.txt
NSPS-110,F盘日本骑兵.txt
NSPS-115,F盘日本骑兵.txt
NSPS-117,F盘日本骑兵.txt
NSPS-119,F盘日本骑兵.txt
NSPS-120,F盘日本骑兵.txt
NSPS-125,F盘日本骑兵.txt
NSPS-126,F盘日本骑兵.txt
NSPS-129,F盘日本骑兵.txt
NSPS-130,E盘日本骑兵.txt
NSPS-134,E盘日本骑兵.txt
NSPS-135,F盘日本骑兵.txt
NSPS-136,F盘日本骑兵.txt
NSPS-141,F盘日本骑兵.txt
NSPS-142,F盘日本骑兵.txt
NSPS-148,F盘日本骑兵.txt
NSPS-152,F盘日本骑兵.txt
NSPS-166,F盘日本骑兵.txt
NSPS-169,F盘日本骑兵.txt
NSPS-183,F盘日本骑兵.txt
NSPS-196,F盘日本骑兵.txt
NSPS-210,F盘日本骑兵.txt
NSPS-216,F盘日本骑兵.txt
NSPS-218,F盘日本骑兵.txt
NSPS-223,E盘日本骑兵.txt
NSPS-250,F盘日本骑兵.txt
NSPS-306,E盘日本骑兵.txt
NSPS-323,E盘日本骑兵.txt
NSPS-389,F盘日本骑兵.txt
NSPS-442,F盘日本骑兵.txt
NSPS-475,F盘日本骑兵.txt
NSPS-483,F盘日本骑兵.txt
NSPS-484,E盘日本骑兵.txt
NSPS-521,F盘日本骑兵.txt
NSPS-543,F盘日本骑兵.txt
NSPS-554,F盘日本骑兵.txt
NSPS-574,F盘日本骑兵.txt
NSPS-589,F盘日本骑兵.txt
NSPS-599,F盘日本骑兵.txt
NSPS-617,F盘日本骑兵.txt
NSPS-618,F盘日本骑兵.txt
NSPS-640,F盘日本骑兵.txt
NSPS-686,F盘日本骑兵.txt
NSPS-695,F盘日本骑兵.txt
NSPS-787,F盘日本骑兵.txt
NSPS-843,F盘日本骑兵.txt
NSPS-852,E盘日本骑兵.txt
NSPS-861,E盘日本骑兵.txt
NSPS-864,F盘日本骑兵.txt
NSPS-868,E盘日本骑兵.txt
NSPS-876,E盘日本骑兵.txt
NSPS-881,E盘日本骑兵.txt
NSPS-893,F盘日本骑兵.txt
NSPS-897,F盘日本骑兵.txt
NSPS-923,E盘日本骑兵.txt
NSPS-925,E盘日本骑兵.txt
NSPS-930,E盘日本骑兵.txt
NSPS-941,F盘日本骑兵.txt
NSPS-946,E盘日本骑兵.txt
NSPS-962,E盘日本骑兵.txt
NSPS-995,E盘日本骑兵.txt
NTRD-074,E盘日本骑兵.txt
NTRD-079,E盘日本骑兵.txt
NTRD-117,E盘日本骑兵.txt
NTRH-003,115网盘数据.txt
NTRH-016,115网盘数据.txt
NUBI-036,E盘日本骑兵.txt
OBA-124,E盘日本骑兵.txt
OBA-137,E盘日本骑兵.txt
OBA-156,E盘日本骑兵.txt
OBA-160,E盘日本骑兵.txt
OBA-170,E盘日本骑兵.txt
OBA-217,E盘日本骑兵.txt
OFES-006,F盘日本骑兵.txt
OFSD-016,F盘日本骑兵.txt
OHGG-001,F盘日本骑兵.txt
OHGG-002,F盘日本骑兵.txt
OKP-065,115网盘数据.txt
OLM-048,E盘日本骑兵.txt
OLM-060,F盘日本骑兵.txt
OLM-068,E盘日本骑兵.txt
OLM-088,F盘日本骑兵.txt
OLM-132,E盘日本骑兵.txt
OLM-143,F盘日本骑兵.txt
OLM-165,F盘日本骑兵.txt
OLM-187,F盘日本骑兵.txt
OLM-198,F盘日本骑兵.txt
OLM-208,F盘日本骑兵.txt
OLM-247,115网盘数据.txt
OLM-270,115网盘数据.txt
ONGP-097,F盘日本骑兵.txt
ONSG-098,115网盘数据.txt
OPKT-025,E盘日本骑兵.txt
OPKT-027,E盘日本骑兵.txt
OPKT-028,E盘日本骑兵.txt
OPKT-029,E盘日本骑兵.txt
OPKT-030,E盘日本骑兵.txt
OPKT-033,E盘日本骑兵.txt
OVG-170,E盘日本骑兵.txt
PFAS-015,F盘日本骑兵.txt
PFES-006,E盘日本骑兵.txt
PFES-013,F盘日本骑兵.txt
PFES-029,E盘日本骑兵.txt
PFES-039,E盘日本骑兵.txt
PFES-044,E盘日本骑兵.txt
PFES-046,E盘日本骑兵.txt
PFES-063,E盘日本骑兵.txt
PFES-068,E盘日本骑兵.txt
PFES-076,"E盘日本骑兵.txt, F盘日本骑兵.txt"
PFES-081,E盘日本骑兵.txt
PFES-084,E盘日本骑兵.txt
PFES-085,F盘日本骑兵.txt
PFES-093,F盘日本骑兵.txt
PFES-094,"115网盘数据.txt, F盘日本骑兵.txt"
PFES-098,F盘日本骑兵.txt
PFES-106,F盘日本骑兵.txt
PFES-107,F盘日本骑兵.txt
PFES-109,F盘日本骑兵.txt
PFT-001,E盘日本骑兵.txt
PFT-002,F盘日本骑兵.txt
PGD-736,E盘日本骑兵.txt
PGD-766,F盘日本骑兵.txt
PGD-808,F盘日本骑兵.txt
PGD-815,F盘日本骑兵.txt
PGD-820,F盘日本骑兵.txt
PGD-828,F盘日本骑兵.txt
PGD-896,E盘日本骑兵.txt
PGD-932,F盘日本骑兵.txt
PGD-936,F盘日本骑兵.txt
PIYO-193,E盘日本骑兵.txt
PIYO-224,115网盘数据.txt
PJAB-006,F盘日本骑兵.txt
PKPD-131,E盘日本骑兵.txt
PORN-009,F盘日本骑兵.txt
PPPD-293,E盘日本骑兵.txt
PPPD-341,E盘日本骑兵.txt
PPPD-354,F盘日本骑兵.txt
PPPD-363,E盘日本骑兵.txt
PPPD-451,F盘日本骑兵.txt
PPPD-475,E盘日本骑兵.txt
PPPD-715,E盘日本骑兵.txt
PPPD-740,E盘日本骑兵.txt
PPPD-859,F盘日本骑兵.txt
PPPD-870,E盘日本骑兵.txt
PPPD-927,E盘日本骑兵.txt
PPPD-945,E盘日本骑兵.txt
PPPE-071,E盘日本骑兵.txt
PPPE-077,E盘日本骑兵.txt
PPPE-115,E盘日本骑兵.txt
PPPE-117,E盘日本骑兵.txt
PPPE-150,E盘日本骑兵.txt
PPPE-153,E盘日本骑兵.txt
PPPE-239,E盘日本骑兵.txt
PPPE-266,F盘日本骑兵.txt
PPPE-302,F盘日本骑兵.txt
PRED-127,F盘日本骑兵.txt
PRED-193,E盘日本骑兵.txt
PRED-203,F盘日本骑兵.txt
PRED-241,E盘日本骑兵.txt
PRED-248,E盘日本骑兵.txt
PRED-256,E盘日本骑兵.txt
PRED-315,E盘日本骑兵.txt
PRED-316,E盘日本骑兵.txt
PRED-464,E盘日本骑兵.txt
PRED-482,"115网盘数据.txt, E盘日本骑兵.txt"
PRED-483,E盘日本骑兵.txt
PRED-507,F盘日本骑兵.txt
PRED-516,F盘日本骑兵.txt
PRED-537,E盘日本骑兵.txt
PRED-672,"E盘日本骑兵.txt, F盘日本骑兵.txt"
PRED-673,E盘日本骑兵.txt
PRED-680,F盘日本骑兵.txt
PRED-684,F盘日本骑兵.txt
PRED-691,F盘日本骑兵.txt
PRED-699,F盘日本骑兵.txt
PRED-709,E盘日本骑兵.txt
PRED-714,F盘日本骑兵.txt
PRED-715,115网盘数据.txt
PRED-717,F盘日本骑兵.txt
PRED-730,F盘日本骑兵.txt
PRED-731,F盘日本骑兵.txt
PRED-741,F盘日本骑兵.txt
PRED-743,F盘日本骑兵.txt
PRED-750,F盘日本骑兵.txt
PRED-757,F盘日本骑兵.txt
PRED-758,"115网盘数据.txt, F盘日本骑兵.txt"
PRED-768,F盘日本骑兵.txt
PRED-769,F盘日本骑兵.txt
PRED-772,F盘日本骑兵.txt
PRED-784,F盘日本骑兵.txt
PRED-785,F盘日本骑兵.txt
PRED-786,F盘日本骑兵.txt
PRED-790,F盘日本骑兵.txt
PRED-792,115网盘数据.txt
PRED-799,115网盘数据.txt
PRED-809,115网盘数据.txt
PRED-812,115网盘数据.txt
PRED-817,115网盘数据.txt
PRED-819,115网盘数据.txt
PRED-820,115网盘数据.txt
PRED-821,115网盘数据.txt
PRED-823,115网盘数据.txt
PRTD-023,E盘日本骑兵.txt
PRTD-028,E盘日本骑兵.txt
PRTD-029,E盘日本骑兵.txt
PXH-028,E盘日本骑兵.txt
PYU-403,F盘日本骑兵.txt
QXSA-001,115网盘数据.txt
RABS-021,F盘日本骑兵.txt
RBD-879,115网盘数据.txt
RBD-991,F盘日本骑兵.txt
RBK-012,F盘日本骑兵.txt
RBK-093,F盘日本骑兵.txt
RBK-111,F盘日本骑兵.txt
RBK-113,F盘日本骑兵.txt
RBK-116,F盘日本骑兵.txt
RCT-441,E盘日本骑兵.txt
RCT-670,F盘日本骑兵.txt
RCT-699,F盘日本骑兵.txt
RCT-887,E盘日本骑兵.txt
RCTD-233,E盘日本骑兵.txt
RCTD-313,E盘日本骑兵.txt
RCTD-372,E盘日本骑兵.txt
RCTD-404,E盘日本骑兵.txt
RCTD-431,E盘日本骑兵.txt
RCTD-442,F盘日本骑兵.txt
RCTD-444,E盘日本骑兵.txt
RCTD-475,E盘日本骑兵.txt
RCTD-486,E盘日本骑兵.txt
RCTD-534,E盘日本骑兵.txt
RCTD-584,E盘日本骑兵.txt
RCTD-587,E盘日本骑兵.txt
RCTD-588,E盘日本骑兵.txt
RCTD-593,F盘日本骑兵.txt
RCTD-597,F盘日本骑兵.txt
RCTD-602,F盘日本骑兵.txt
RCTD-617,F盘日本骑兵.txt
RCTD-697,115网盘数据.txt
RCTD-708,115网盘数据.txt
REAL-678,F盘日本骑兵.txt
REAL-864,F盘日本骑兵.txt
REAL-867,F盘日本骑兵.txt
REAL-917,F盘日本骑兵.txt
REAL-922,F盘日本骑兵.txt
REAL-950,115网盘数据.txt
REAL-958,115网盘数据.txt
REAL-960,115网盘数据.txt
REXD-329,F盘日本骑兵.txt
REXD-367,E盘日本骑兵.txt
REXD-376,E盘日本骑兵.txt
REXD-377,E盘日本骑兵.txt
REXD-464,E盘日本骑兵.txt
REXD-469,E盘日本骑兵.txt
REXD-478,E盘日本骑兵.txt
REXD-486,E盘日本骑兵.txt
REXD-489,E盘日本骑兵.txt
REXD-499,E盘日本骑兵.txt
REXD-505,E盘日本骑兵.txt
REXD-509,E盘日本骑兵.txt
REXD-522,F盘日本骑兵.txt
REXD-523,F盘日本骑兵.txt
REXD-534,E盘日本骑兵.txt
REXD-537,E盘日本骑兵.txt
REXD-545,E盘日本骑兵.txt
REXD-553,F盘日本骑兵.txt
RKI-450,E盘日本骑兵.txt
RKI-491,E盘日本骑兵.txt
RKI-653,E盘日本骑兵.txt
RKI-655,E盘日本骑兵.txt
RKI-694,F盘日本骑兵.txt
RKI-704,F盘日本骑兵.txt
RKI-731,115网盘数据.txt
RMRJ-001,F盘日本骑兵.txt
ROE-010,E盘日本骑兵.txt
ROE-039,E盘日本骑兵.txt
ROE-083,E盘日本骑兵.txt
ROE-084,E盘日本骑兵.txt
ROE-121,E盘日本骑兵.txt
ROE-125,E盘日本骑兵.txt
ROE-137,E盘日本骑兵.txt
ROE-146,E盘日本骑兵.txt
ROE-175,E盘日本骑兵.txt
ROE-186,E盘日本骑兵.txt
ROE-208,F盘日本骑兵.txt
ROE-216,E盘日本骑兵.txt
ROE-217,E盘日本骑兵.txt
ROE-244,F盘日本骑兵.txt
ROE-251,F盘日本骑兵.txt
ROE-275,E盘日本骑兵.txt
ROE-300,F盘日本骑兵.txt
ROE-316,F盘日本骑兵.txt
ROE-318,F盘日本骑兵.txt
ROE-323,F盘日本骑兵.txt
ROE-369,F盘日本骑兵.txt
ROE-377,F盘日本骑兵.txt
ROE-383,F盘日本骑兵.txt
ROE-385,115网盘数据.txt
ROE-388,115网盘数据.txt
ROE-392,F盘日本骑兵.txt
ROE-393,115网盘数据.txt
ROE-397,115网盘数据.txt
ROE-398,115网盘数据.txt
ROE-402,115网盘数据.txt
ROE-408,115网盘数据.txt
ROE-417,115网盘数据.txt
ROE-420,115网盘数据.txt
ROE-430,115网盘数据.txt
ROE-431,115网盘数据.txt
ROE-453,115网盘数据.txt
ROYD-001,E盘日本骑兵.txt
ROYD-021,E盘日本骑兵.txt
ROYD-064,E盘日本骑兵.txt
ROYD-099,E盘日本骑兵.txt
ROYD-108,E盘日本骑兵.txt
ROYD-110,E盘日本骑兵.txt
ROYD-175,F盘日本骑兵.txt
ROYD-177,F盘日本骑兵.txt
ROYD-178,F盘日本骑兵.txt
ROYD-217,E盘日本骑兵.txt
ROYD-244,F盘日本骑兵.txt
ROYD-262,115网盘数据.txt
RTD-002,F盘日本骑兵.txt
RYZR-003,E盘日本骑兵.txt
RYZR-004,E盘日本骑兵.txt
SABA-850,E盘日本骑兵.txt
SAMA-454,F盘日本骑兵.txt
SAME-011,E盘日本骑兵.txt
SAME-012,F盘日本骑兵.txt
SAME-014,E盘日本骑兵.txt
SAME-015,E盘日本骑兵.txt
SAME-017,F盘日本骑兵.txt
SAME-018,E盘日本骑兵.txt
SAME-025,E盘日本骑兵.txt
SAME-032,F盘日本骑兵.txt
SAME-044,"E盘日本骑兵.txt, F盘日本骑兵.txt"
SAME-046,E盘日本骑兵.txt
SAME-048,E盘日本骑兵.txt
SAME-081,115网盘数据.txt
SAME-090,"E盘日本骑兵.txt, F盘日本骑兵.txt"
SAME-103,E盘日本骑兵.txt
SAME-117,F盘日本骑兵.txt
SAME-130,F盘日本骑兵.txt
SAME-142,F盘日本骑兵.txt
SAME-144,F盘日本骑兵.txt
SAME-166,115网盘数据.txt
SAME-171,115网盘数据.txt
SAME-187,F盘日本骑兵.txt
SAME-188,115网盘数据.txt
SAME-189,F盘日本骑兵.txt
SAME-190,F盘日本骑兵.txt
SAME-192,F盘日本骑兵.txt
SAME-197,115网盘数据.txt
SAME-204,115网盘数据.txt
SAN-178,F盘日本骑兵.txt
SBNR-008,F盘日本骑兵.txt
SBNR-012,F盘日本骑兵.txt
SBNR-023,F盘日本骑兵.txt
SBNR-031,F盘日本骑兵.txt
SBNR-033,F盘日本骑兵.txt
SBNR-054,F盘日本骑兵.txt
SBNR-174,F盘日本骑兵.txt
SBNR-319,F盘日本骑兵.txt
SBNR-322,F盘日本骑兵.txt
SBNR-325,F盘日本骑兵.txt
SBNR-343,F盘日本骑兵.txt
SBNR-344,F盘日本骑兵.txt
SBNR-349,F盘日本骑兵.txt
SBNR-350,F盘日本骑兵.txt
SBNR-351,E盘日本骑兵.txt
SBNR-356,F盘日本骑兵.txt
SBNR-358,F盘日本骑兵.txt
SBNR-364,F盘日本骑兵.txt
SBNR-382,F盘日本骑兵.txt
SBNR-390,F盘日本骑兵.txt
SBNR-392,F盘日本骑兵.txt
SBNS-007,F盘日本骑兵.txt
SBNS-016,F盘日本骑兵.txt
SBNS-039,F盘日本骑兵.txt
SBNS-046,F盘日本骑兵.txt
SBNS-053,F盘日本骑兵.txt
SBNS-058,F盘日本骑兵.txt
SBNS-059,F盘日本骑兵.txt
SBNS-062,F盘日本骑兵.txt
SBNS-063,F盘日本骑兵.txt
SBNS-066,F盘日本骑兵.txt
SBNS-067,F盘日本骑兵.txt
SBNS-070,F盘日本骑兵.txt
SBNS-072,F盘日本骑兵.txt
SBNS-075,F盘日本骑兵.txt
SBNS-076,F盘日本骑兵.txt
SBNS-078,F盘日本骑兵.txt
SBNS-079,F盘日本骑兵.txt
SBNS-080,F盘日本骑兵.txt
SBNS-083,F盘日本骑兵.txt
SBNS-086,F盘日本骑兵.txt
SBNS-087,F盘日本骑兵.txt
SBNS-088,F盘日本骑兵.txt
SBNS-091,F盘日本骑兵.txt
SCD-160,F盘日本骑兵.txt
SCD-228,E盘日本骑兵.txt
SCOP-677,E盘日本骑兵.txt
SCOP-768,E盘日本骑兵.txt
SCPX-544,115网盘数据.txt
SDAM-083,E盘日本骑兵.txt
SDAM-122,F盘日本骑兵.txt
SDDE-343,F盘日本骑兵.txt
SDDE-361,F盘日本骑兵.txt
SDDE-370,E盘日本骑兵.txt
SDDE-374,E盘日本骑兵.txt
SDDE-386,F盘日本骑兵.txt
SDDE-388,E盘日本骑兵.txt
SDDE-396,F盘日本骑兵.txt
SDDE-397,E盘日本骑兵.txt
SDDE-409,E盘日本骑兵.txt
SDDE-433,E盘日本骑兵.txt
SDDE-459,F盘日本骑兵.txt
SDDE-467,E盘日本骑兵.txt
SDDE-481,E盘日本骑兵.txt
SDDE-489,F盘日本骑兵.txt
SDDE-495,F盘日本骑兵.txt
SDDE-505,E盘日本骑兵.txt
SDDE-514,E盘日本骑兵.txt
SDDE-522,E盘日本骑兵.txt
SDDE-530,E盘日本骑兵.txt
SDDE-542,E盘日本骑兵.txt
SDDE-546,E盘日本骑兵.txt
SDDE-547,E盘日本骑兵.txt
SDDE-552,E盘日本骑兵.txt
SDDE-558,F盘日本骑兵.txt
SDDE-560,E盘日本骑兵.txt
SDDE-561,E盘日本骑兵.txt
SDDE-563,E盘日本骑兵.txt
SDDE-566,E盘日本骑兵.txt
SDDE-573,E盘日本骑兵.txt
SDDE-575,E盘日本骑兵.txt
SDDE-581,E盘日本骑兵.txt
SDDE-586,E盘日本骑兵.txt
SDDE-593,E盘日本骑兵.txt
SDDE-596,E盘日本骑兵.txt
SDDE-600,E盘日本骑兵.txt
SDDE-613,E盘日本骑兵.txt
SDDE-617,F盘日本骑兵.txt
SDDE-622,E盘日本骑兵.txt
SDDE-624,E盘日本骑兵.txt
SDDE-625,E盘日本骑兵.txt
SDDE-639,E盘日本骑兵.txt
SDDE-642,E盘日本骑兵.txt
SDDE-643,E盘日本骑兵.txt
SDDE-644,"115网盘数据.txt, E盘日本骑兵.txt"
SDDE-652,E盘日本骑兵.txt
SDDE-653,E盘日本骑兵.txt
SDDE-665,E盘日本骑兵.txt
SDDE-666,E盘日本骑兵.txt
SDDE-673,E盘日本骑兵.txt
SDDE-679,E盘日本骑兵.txt
SDDE-682,E盘日本骑兵.txt
SDDE-695,E盘日本骑兵.txt
SDDE-705,E盘日本骑兵.txt
SDDE-706,F盘日本骑兵.txt
SDDE-712,E盘日本骑兵.txt
SDDE-713,E盘日本骑兵.txt
SDDE-720,E盘日本骑兵.txt
SDDE-735,F盘日本骑兵.txt
SDDE-737,F盘日本骑兵.txt
SDDE-740,E盘日本骑兵.txt
SDDE-745,F盘日本骑兵.txt
SDJS-028,E盘日本骑兵.txt
SDJS-209,E盘日本骑兵.txt
SDJS-291,F盘日本骑兵.txt
SDJS-312,115网盘数据.txt
SDJS-317,F盘日本骑兵.txt
SDJS-321,115网盘数据.txt
SDJS-324,F盘日本骑兵.txt
SDJS-330,115网盘数据.txt
SDJS-336,115网盘数据.txt
SDJS-343,115网盘数据.txt
SDMF-006,E盘日本骑兵.txt
SDMF-012,F盘日本骑兵.txt
SDMF-017,F盘日本骑兵.txt
SDMF-019,F盘日本骑兵.txt
SDMF-022,E盘日本骑兵.txt
SDMF-029,E盘日本骑兵.txt
SDMM-028,E盘日本骑兵.txt
SDMM-138,E盘日本骑兵.txt
SDMM-169,E盘日本骑兵.txt
SDMM-213,115网盘数据.txt
SDMT-769,E盘日本骑兵.txt
SDMU-147,E盘日本骑兵.txt
SDMU-179,E盘日本骑兵.txt
SDMU-725,E盘日本骑兵.txt
SDMU-750,F盘日本骑兵.txt
SDMU-947,E盘日本骑兵.txt
SDMU-963,E盘日本骑兵.txt
SDNM-305,E盘日本骑兵.txt
SDNM-355,E盘日本骑兵.txt
SDNT-005,F盘日本骑兵.txt
SENN-002,E盘日本骑兵.txt
SENN-069,"115网盘数据.txt, F盘日本骑兵.txt"
SERO-284,115网盘数据.txt
SETM-038,F盘日本骑兵.txt
SGKI-010,E盘日本骑兵.txt
SGKI-013,F盘日本骑兵.txt
SGKI-014,E盘日本骑兵.txt
SGKI-019,E盘日本骑兵.txt
SGKI-040,F盘日本骑兵.txt
SGKI-066,115网盘数据.txt
SGKI-069,115网盘数据.txt
SGT-051,E盘日本骑兵.txt
SGT-052,F盘日本骑兵.txt
SGT-054,F盘日本骑兵.txt
SGT-055,E盘日本骑兵.txt
SGT-056,F盘日本骑兵.txt
SGT-058,115网盘数据.txt
SHKD-696,E盘日本骑兵.txt
SHKD-713,E盘日本骑兵.txt
SHKD-724,E盘日本骑兵.txt
SHKD-744,E盘日本骑兵.txt
SHKD-748,E盘日本骑兵.txt
SHKD-752,E盘日本骑兵.txt
SHKD-755,E盘日本骑兵.txt
SHKD-779,E盘日本骑兵.txt
SHKD-865,F盘日本骑兵.txt
SHKD-911,F盘日本骑兵.txt
SHKD-914,E盘日本骑兵.txt
SHKD-945,E盘日本骑兵.txt
SHKD-946,E盘日本骑兵.txt
SHKD-953,E盘日本骑兵.txt
SHKD-970,"115网盘数据.txt, F盘日本骑兵.txt"
SHKD-972,E盘日本骑兵.txt
SHKD-988,E盘日本骑兵.txt
SKA-002,115网盘数据.txt
SKMJ-450,115网盘数据.txt
SKMJ-472,E盘日本骑兵.txt
SKMJ-685,115网盘数据.txt
SKMJ-705,115网盘数据.txt
SKMN-006,115网盘数据.txt
SKSK-005,F盘日本骑兵.txt
SKSK-044,E盘日本骑兵.txt
SKY-316,E盘日本骑兵.txt
SMKCX-003,E盘日本骑兵.txt
SMOK-008,E盘日本骑兵.txt
SMOK-009,F盘日本骑兵.txt
SMOK-010,F盘日本骑兵.txt
SMOK-018,F盘日本骑兵.txt
SMOK-019,F盘日本骑兵.txt
SMOK-020,115网盘数据.txt
SMOK-029,115网盘数据.txt
SNAMH-005,115网盘数据.txt
SNIS-302,F盘日本骑兵.txt
SNIS-441,E盘日本骑兵.txt
SNIS-842,E盘日本骑兵.txt
SNOS-030,115网盘数据.txt
SNOS-049,115网盘数据.txt
SNOS-062,115网盘数据.txt
SOAN-059,F盘日本骑兵.txt
SOAN-088,F盘日本骑兵.txt
SOAN-093,E盘日本骑兵.txt
SOAN-109,F盘日本骑兵.txt
SOAN-112,F盘日本骑兵.txt
SOAN-115,F盘日本骑兵.txt
SOAN-117,F盘日本骑兵.txt
SOAN-120,115网盘数据.txt
SODS-065,F盘日本骑兵.txt
SOE-364,E盘日本骑兵.txt
SOE-681,F盘日本骑兵.txt
SOE-719,F盘日本骑兵.txt
SONE-008,E盘日本骑兵.txt
SONE-012,F盘日本骑兵.txt
SONE-034,E盘日本骑兵.txt
SONE-051,E盘日本骑兵.txt
SONE-143,E盘日本骑兵.txt
SONE-146,F盘日本骑兵.txt
SONE-166,E盘日本骑兵.txt
SONE-176,F盘日本骑兵.txt
SONE-196,"E盘日本骑兵.txt, F盘日本骑兵.txt"
SONE-263,F盘日本骑兵.txt
SONE-313,E盘日本骑兵.txt
SONE-344,F盘日本骑兵.txt
SONE-484,F盘日本骑兵.txt
SONE-496,E盘日本骑兵.txt
SONE-508,F盘日本骑兵.txt
SONE-521,F盘日本骑兵.txt
SONE-559,115网盘数据.txt
SONE-574,F盘日本骑兵.txt
SONE-576,F盘日本骑兵.txt
SONE-577,F盘日本骑兵.txt
SONE-625,F盘日本骑兵.txt
SONE-692,F盘日本骑兵.txt
SONE-705,F盘日本骑兵.txt
SONE-712,F盘日本骑兵.txt
SONE-729,F盘日本骑兵.txt
SONE-744,F盘日本骑兵.txt
SONE-748,115网盘数据.txt
SONE-760,F盘日本骑兵.txt
SONE-785,F盘日本骑兵.txt
SONE-791,F盘日本骑兵.txt
SONE-792,115网盘数据.txt
SONE-793,F盘日本骑兵.txt
SONE-842,F盘日本骑兵.txt
SONE-852,F盘日本骑兵.txt
SONE-917,115网盘数据.txt
SONE-964,115网盘数据.txt
SONE-973,115网盘数据.txt
SORA-015,F盘日本骑兵.txt
SORA-068,E盘日本骑兵.txt
SORA-118,115网盘数据.txt
SORA-218,F盘日本骑兵.txt
SORA-463,E盘日本骑兵.txt
SORA-482,115网盘数据.txt
SORA-583,F盘日本骑兵.txt
SORA-588,F盘日本骑兵.txt
SORA-610,115网盘数据.txt
SORA-612,115网盘数据.txt
SPAY-023,E盘日本骑兵.txt
SPAY-237,E盘日本骑兵.txt
SPAY-246,E盘日本骑兵.txt
SPAY-247,E盘日本骑兵.txt
SPAY-345,E盘日本骑兵.txt
SPAY-346,E盘日本骑兵.txt
SPAY-347,E盘日本骑兵.txt
SPRD-1136,E盘日本骑兵.txt
SPRD-1285,E盘日本骑兵.txt
SPRD-1329,E盘日本骑兵.txt
SPRD-1340,E盘日本骑兵.txt
SPRD-1363,E盘日本骑兵.txt
SPRD-1374,E盘日本骑兵.txt
SPRD-1378,E盘日本骑兵.txt
SPRD-1398,E盘日本骑兵.txt
SPRD-1407,E盘日本骑兵.txt
SPRD-1418,E盘日本骑兵.txt
SPRD-1428,E盘日本骑兵.txt
SPRD-1445,E盘日本骑兵.txt
SPRD-1447,E盘日本骑兵.txt
SPRD-1489,E盘日本骑兵.txt
SPRD-1494,E盘日本骑兵.txt
SPRD-1499,E盘日本骑兵.txt
SPRD-1502,E盘日本骑兵.txt
SPRD-1504,E盘日本骑兵.txt
SPRD-1508,E盘日本骑兵.txt
SPRD-1515,E盘日本骑兵.txt
SPRD-1524,E盘日本骑兵.txt
SPRD-329,115网盘数据.txt
SPRD-409,F盘日本骑兵.txt
SPRD-452,F盘日本骑兵.txt
SPRD-454,F盘日本骑兵.txt
SPRD-479,115网盘数据.txt
SPRD-482,F盘日本骑兵.txt
SPRD-536,F盘日本骑兵.txt
SPRD-561,F盘日本骑兵.txt
SPRD-601,E盘日本骑兵.txt
SPRD-606,115网盘数据.txt
SPRD-614,115网盘数据.txt
SPRD-641,E盘日本骑兵.txt
SPRD-649,115网盘数据.txt
SPRD-675,E盘日本骑兵.txt
SPRD-699,F盘日本骑兵.txt
SPRD-706,E盘日本骑兵.txt
SPRD-718,E盘日本骑兵.txt
SPRD-737,E盘日本骑兵.txt
SPRD-782,E盘日本骑兵.txt
SPRD-788,E盘日本骑兵.txt
SPRD-934,F盘日本骑兵.txt
SQIS-012,F盘日本骑兵.txt
SQIS-026,F盘日本骑兵.txt
SQIS-039,E盘日本骑兵.txt
SQIS-099,E盘日本骑兵.txt
SQIS-108,F盘日本骑兵.txt
SQIS-114,115网盘数据.txt
SSIS-057,E盘日本骑兵.txt
SSIS-081,E盘日本骑兵.txt
SSIS-082,E盘日本骑兵.txt
SSIS-105,E盘日本骑兵.txt
SSIS-135,E盘日本骑兵.txt
SSIS-139,F盘日本骑兵.txt
SSIS-157,E盘日本骑兵.txt
SSIS-233,E盘日本骑兵.txt
SSIS-372,E盘日本骑兵.txt
SSIS-437,E盘日本骑兵.txt
SSIS-441,E盘日本骑兵.txt
SSIS-465,E盘日本骑兵.txt
SSIS-584,E盘日本骑兵.txt
SSIS-588,E盘日本骑兵.txt
SSIS-622,E盘日本骑兵.txt
SSIS-625,E盘日本骑兵.txt
SSIS-645,E盘日本骑兵.txt
SSIS-646,E盘日本骑兵.txt
SSIS-650,E盘日本骑兵.txt
SSIS-656,E盘日本骑兵.txt
SSIS-659,E盘日本骑兵.txt
SSIS-669,E盘日本骑兵.txt
SSIS-695,E盘日本骑兵.txt
SSIS-698,E盘日本骑兵.txt
SSIS-706,E盘日本骑兵.txt
SSIS-743,E盘日本骑兵.txt
SSIS-770,E盘日本骑兵.txt
SSIS-776,E盘日本骑兵.txt
SSIS-784,F盘日本骑兵.txt
SSIS-804,E盘日本骑兵.txt
SSIS-810,E盘日本骑兵.txt
SSIS-840,E盘日本骑兵.txt
SSIS-858,E盘日本骑兵.txt
SSIS-865,E盘日本骑兵.txt
SSIS-881,F盘日本骑兵.txt
SSIS-950,F盘日本骑兵.txt
SSNI-177,E盘日本骑兵.txt
SSNI-221,E盘日本骑兵.txt
SSNI-392,E盘日本骑兵.txt
SSNI-454,E盘日本骑兵.txt
SSNI-497,E盘日本骑兵.txt
SSNI-521,E盘日本骑兵.txt
SSNI-603,E盘日本骑兵.txt
SSNI-624,E盘日本骑兵.txt
SSNI-650,E盘日本骑兵.txt
SSNI-708,E盘日本骑兵.txt
SSNI-763,E盘日本骑兵.txt
SSNI-830,E盘日本骑兵.txt
SSNI-832,E盘日本骑兵.txt
SSNI-913,E盘日本骑兵.txt
SSNI-992,E盘日本骑兵.txt
SSPD-175,F盘日本骑兵.txt
SSR-036,F盘日本骑兵.txt
STARS-043,E盘日本骑兵.txt
STARS-065,F盘日本骑兵.txt
STARS-081,E盘日本骑兵.txt
STARS-094,E盘日本骑兵.txt
STARS-171,E盘日本骑兵.txt
STARS-178,E盘日本骑兵.txt
STARS-224,E盘日本骑兵.txt
STARS-258,E盘日本骑兵.txt
STARS-359,E盘日本骑兵.txt
STARS-361,F盘日本骑兵.txt
STARS-416,E盘日本骑兵.txt
STARS-503,E盘日本骑兵.txt
STARS-530,F盘日本骑兵.txt
STARS-606,F盘日本骑兵.txt
STARS-729,E盘日本骑兵.txt
STARS-734,E盘日本骑兵.txt
STARS-800,F盘日本骑兵.txt
STARS-804,"115网盘数据.txt, E盘日本骑兵.txt"
STARS-821,E盘日本骑兵.txt
STARS-822,E盘日本骑兵.txt
STARS-851,E盘日本骑兵.txt
STARS-891,F盘日本骑兵.txt
STARS-902,F盘日本骑兵.txt
STARS-916,E盘日本骑兵.txt
STARS-932,E盘日本骑兵.txt
STARS-979,"115网盘数据.txt, E盘日本骑兵.txt"
STARS-994,E盘日本骑兵.txt
START-014,E盘日本骑兵.txt
START-031,E盘日本骑兵.txt
START-046,E盘日本骑兵.txt
START-048,E盘日本骑兵.txt
START-129,F盘日本骑兵.txt
START-158,F盘日本骑兵.txt
START-166,F盘日本骑兵.txt
START-169,115网盘数据.txt
START-184,E盘日本骑兵.txt
START-203,F盘日本骑兵.txt
START-244,E盘日本骑兵.txt
START-255,115网盘数据.txt
START-290,F盘日本骑兵.txt
START-297,F盘日本骑兵.txt
START-310,F盘日本骑兵.txt
START-314,F盘日本骑兵.txt
START-335,115网盘数据.txt
START-368,F盘日本骑兵.txt
START-372,F盘日本骑兵.txt
START-380,F盘日本骑兵.txt
START-384,115网盘数据.txt
START-392,115网盘数据.txt
START-406,115网盘数据.txt
START-415,115网盘数据.txt
START-419,115网盘数据.txt
START-438,115网盘数据.txt
START-443,115网盘数据.txt
START-444,115网盘数据.txt
START-445,115网盘数据.txt
START-451,115网盘数据.txt
START-453,115网盘数据.txt
START-464,115网盘数据.txt
START-476,115网盘数据.txt
START-477,115网盘数据.txt
STC-067,E盘日本骑兵.txt
STCVS-019,F盘日本骑兵.txt
STOL-079,115网盘数据.txt
STOL-091,E盘日本骑兵.txt
STOL-094,E盘日本骑兵.txt
STSK-007,E盘日本骑兵.txt
STSK-022,E盘日本骑兵.txt
STSK-047,E盘日本骑兵.txt
STSK-079,E盘日本骑兵.txt
STSK-180,F盘日本骑兵.txt
STSK-181,F盘日本骑兵.txt
STSK-201,115网盘数据.txt
SUWK-024,F盘日本骑兵.txt
SVCAO-006,E盘日本骑兵.txt
SVCAO-008,F盘日本骑兵.txt
SVCAO-009,F盘日本骑兵.txt
SVCAO-020,115网盘数据.txt
SVDVD-444,F盘日本骑兵.txt
SVDVD-473,F盘日本骑兵.txt
SVDVD-497,F盘日本骑兵.txt
SVDVD-665,F盘日本骑兵.txt
SVDVD-780,E盘日本骑兵.txt
SVDVD-793,E盘日本骑兵.txt
SVDVD-919,E盘日本骑兵.txt
SVDVD-931,E盘日本骑兵.txt
SVDVD-945,E盘日本骑兵.txt
SVDVD-949,E盘日本骑兵.txt
SVDVD-950,F盘日本骑兵.txt
SVDVD-962,F盘日本骑兵.txt
SVERS-002,F盘日本骑兵.txt
SVERS-004,115网盘数据.txt
SVERS-005,115网盘数据.txt
SVFLA-006,F盘日本骑兵.txt
SVFLA-010,115网盘数据.txt
SVFLA-011,115网盘数据.txt
SVGAL-023,115网盘数据.txt
SVMGM-030,E盘日本骑兵.txt
SVMGM-032,F盘日本骑兵.txt
SVMM-016,F盘日本骑兵.txt
SVSHA-003,E盘日本骑兵.txt
SVSHA-005,F盘日本骑兵.txt
SVSHA-006,E盘日本骑兵.txt
SVSHA-023,E盘日本骑兵.txt
SVSHA-027,F盘日本骑兵.txt
SVVRT-005,E盘日本骑兵.txt
SVVRT-056,E盘日本骑兵.txt
SVVRT-065,F盘日本骑兵.txt
SW-1002,F盘日本骑兵.txt
SW-1006,F盘日本骑兵.txt
SW-1007,F盘日本骑兵.txt
SW-1009,F盘日本骑兵.txt
SW-1011,F盘日本骑兵.txt
SW-1015,115网盘数据.txt
SW-1016,115网盘数据.txt
SW-1024,115网盘数据.txt
SW-1028,115网盘数据.txt
SW-1031,115网盘数据.txt
SW-1032,115网盘数据.txt
SW-1033,115网盘数据.txt
SW-390,F盘日本骑兵.txt
SW-399,F盘日本骑兵.txt
SW-426,F盘日本骑兵.txt
SW-612,E盘日本骑兵.txt
SW-653,E盘日本骑兵.txt
SW-685,E盘日本骑兵.txt
SW-755,E盘日本骑兵.txt
SW-782,E盘日本骑兵.txt
SW-788,E盘日本骑兵.txt
SW-801,E盘日本骑兵.txt
SW-806,E盘日本骑兵.txt
SW-809,E盘日本骑兵.txt
SW-814,E盘日本骑兵.txt
SW-819,"115网盘数据.txt, E盘日本骑兵.txt"
SW-826,E盘日本骑兵.txt
SW-834,E盘日本骑兵.txt
SW-855,E盘日本骑兵.txt
SW-867,E盘日本骑兵.txt
SW-872,F盘日本骑兵.txt
SW-890,E盘日本骑兵.txt
SW-907,E盘日本骑兵.txt
SW-911,E盘日本骑兵.txt
SW-912,E盘日本骑兵.txt
SW-932,E盘日本骑兵.txt
SW-945,E盘日本骑兵.txt
SW-952,F盘日本骑兵.txt
SW-953,E盘日本骑兵.txt
SW-955,F盘日本骑兵.txt
SW-958,F盘日本骑兵.txt
SW-972,F盘日本骑兵.txt
SW-989,F盘日本骑兵.txt
SW-991,F盘日本骑兵.txt
SW-992,F盘日本骑兵.txt
SYKH-014,E盘日本骑兵.txt
SYKH-104,E盘日本骑兵.txt
TAAK-00013,E盘日本骑兵.txt
TAAK-005,E盘日本骑兵.txt
TAAK-006,E盘日本骑兵.txt
TAAK-007,F盘日本骑兵.txt
TAAK-008,E盘日本骑兵.txt
TAAK-009,E盘日本骑兵.txt
TAAK-010,E盘日本骑兵.txt
TAAK-011,E盘日本骑兵.txt
TAAK-012,E盘日本骑兵.txt
TAAK-014,E盘日本骑兵.txt
TAAK-017,E盘日本骑兵.txt
TAAK-018,E盘日本骑兵.txt
TAAK-019,E盘日本骑兵.txt
TAAK-020,E盘日本骑兵.txt
TAAK-021,E盘日本骑兵.txt
TAAK-022,E盘日本骑兵.txt
TAAK-023,E盘日本骑兵.txt
TAAK-024,E盘日本骑兵.txt
TAAK-027,E盘日本骑兵.txt
TCHB-050,F盘日本骑兵.txt
TCHR-030,F盘日本骑兵.txt
TDT-022,E盘日本骑兵.txt
TENN-036,115网盘数据.txt
THTP-083,F盘日本骑兵.txt
TKD-049,E盘日本骑兵.txt
TKFC-046,115网盘数据.txt
TKOU-020,115网盘数据.txt
TKSH-014,E盘日本骑兵.txt
TKSH-018,E盘日本骑兵.txt
TKSH-022,E盘日本骑兵.txt
TOTTE-160,E盘日本骑兵.txt
TPIN-075,"115网盘数据.txt, E盘日本骑兵.txt"
TPPN-239,E盘日本骑兵.txt
TUE-142,E盘日本骑兵.txt
TUNA-009,E盘日本骑兵.txt
TUNA-010,E盘日本骑兵.txt
TWYB-002,E盘日本骑兵.txt
UFD-068,E盘日本骑兵.txt
UFD-072,E盘日本骑兵.txt
UFD-078,F盘日本骑兵.txt
UGUG-050,F盘日本骑兵.txt
URE-019,E盘日本骑兵.txt
URE-022,F盘日本骑兵.txt
URE-025,F盘日本骑兵.txt
URE-026,E盘日本骑兵.txt
URE-033,E盘日本骑兵.txt
URE-035,E盘日本骑兵.txt
URE-037,E盘日本骑兵.txt
URE-043,E盘日本骑兵.txt
URE-045,E盘日本骑兵.txt
URE-046,E盘日本骑兵.txt
URE-047,E盘日本骑兵.txt
URE-055,E盘日本骑兵.txt
URE-056,E盘日本骑兵.txt
URE-062,E盘日本骑兵.txt
URE-063,E盘日本骑兵.txt
URE-067,E盘日本骑兵.txt
URE-071,E盘日本骑兵.txt
URE-079,E盘日本骑兵.txt
URE-083,E盘日本骑兵.txt
URE-084,E盘日本骑兵.txt
URE-089,E盘日本骑兵.txt
URE-091,E盘日本骑兵.txt
URE-092,E盘日本骑兵.txt
URE-097,E盘日本骑兵.txt
URE-098,E盘日本骑兵.txt
URE-099,E盘日本骑兵.txt
URE-105,E盘日本骑兵.txt
URE-117,F盘日本骑兵.txt
URE-121,F盘日本骑兵.txt
URE-122,F盘日本骑兵.txt
URE-125,115网盘数据.txt
URE-131,115网盘数据.txt
URKK-045,E盘日本骑兵.txt
URKK-049,F盘日本骑兵.txt
URKK-060,E盘日本骑兵.txt
URKK-089,F盘日本骑兵.txt
URKK-093,F盘日本骑兵.txt
URKK-101,E盘日本骑兵.txt
USBA-001,E盘日本骑兵.txt
USYW-001,E盘日本骑兵.txt
USYW-002,E盘日本骑兵.txt
USYW-003,E盘日本骑兵.txt
UZU-018,E盘日本骑兵.txt
UZU-031,F盘日本骑兵.txt
UZU-032,115网盘数据.txt
VAGU-236,E盘日本骑兵.txt
VDD-078,115网盘数据.txt
VDD-094,E盘日本骑兵.txt
VDD-103,E盘日本骑兵.txt
VDD-104,E盘日本骑兵.txt
VDD-108,E盘日本骑兵.txt
VDD-111,E盘日本骑兵.txt
VDD-136,E盘日本骑兵.txt
VDD-145,F盘日本骑兵.txt
VDD-147,F盘日本骑兵.txt
VDD-149,F盘日本骑兵.txt
VDD-151,E盘日本骑兵.txt
VDD-155,E盘日本骑兵.txt
VDD-157,E盘日本骑兵.txt
VDD-167,E盘日本骑兵.txt
VDD-171,E盘日本骑兵.txt
VDD-172,E盘日本骑兵.txt
VDD-174,E盘日本骑兵.txt
VDD-177,E盘日本骑兵.txt
VDD-179,E盘日本骑兵.txt
VDD-183,F盘日本骑兵.txt
VDD-185,F盘日本骑兵.txt
VDD-186,F盘日本骑兵.txt
VDD-188,F盘日本骑兵.txt
VDD-193,F盘日本骑兵.txt
VDD-200,115网盘数据.txt
VEC-220,F盘日本骑兵.txt
VEC-527,E盘日本骑兵.txt
VEC-529,E盘日本骑兵.txt
VEC-721,115网盘数据.txt
VEC-731,115网盘数据.txt
VEMA-172,F盘日本骑兵.txt
VEMA-175,E盘日本骑兵.txt
VEMA-184,E盘日本骑兵.txt
VEMA-189,F盘日本骑兵.txt
VEMA-202,F盘日本骑兵.txt
VEMA-204,E盘日本骑兵.txt
VEMA-208,F盘日本骑兵.txt
VEMA-215,E盘日本骑兵.txt
VEMA-217,F盘日本骑兵.txt
VEMA-226,F盘日本骑兵.txt
VEMA-253,115网盘数据.txt
VENU-705,E盘日本骑兵.txt
VENU-865,E盘日本骑兵.txt
VENU-970,E盘日本骑兵.txt
VENU-992,E盘日本骑兵.txt
VENX-068,E盘日本骑兵.txt
VENX-113,F盘日本骑兵.txt
VENX-181,E盘日本骑兵.txt
VENX-208,E盘日本骑兵.txt
VENX-260,E盘日本骑兵.txt
VGD-157,E盘日本骑兵.txt
VGD-207,E盘日本骑兵.txt
VICD-299,F盘日本骑兵.txt
VICD-302,E盘日本骑兵.txt
VOD-046,F盘日本骑兵.txt
VRTM-032,E盘日本骑兵.txt
VRTM-073,F盘日本骑兵.txt
VRTM-202,F盘日本骑兵.txt
VRTM-206,F盘日本骑兵.txt
VRTM-218,E盘日本骑兵.txt
VRTM-222,F盘日本骑兵.txt
VRTM-240,E盘日本骑兵.txt
VRTM-247,E盘日本骑兵.txt
VRTM-288,F盘日本骑兵.txt
VRTM-295,E盘日本骑兵.txt
VRTM-299,E盘日本骑兵.txt
VRTM-302,E盘日本骑兵.txt
VRTM-304,E盘日本骑兵.txt
VRTM-309,F盘日本骑兵.txt
VRTM-310,E盘日本骑兵.txt
VRTM-320,E盘日本骑兵.txt
VRTM-326,E盘日本骑兵.txt
VRTM-337,F盘日本骑兵.txt
VRTM-341,F盘日本骑兵.txt
VRTM-342,E盘日本骑兵.txt
VRTM-350,"115网盘数据.txt, E盘日本骑兵.txt"
VRTM-358,E盘日本骑兵.txt
VRTM-360,E盘日本骑兵.txt
VRTM-375,E盘日本骑兵.txt
VRTM-390,E盘日本骑兵.txt
VRTM-407,115网盘数据.txt
VRTM-409,F盘日本骑兵.txt
VRTM-411,E盘日本骑兵.txt
VRTM-421,E盘日本骑兵.txt
VRTM-423,E盘日本骑兵.txt
VRTM-438,E盘日本骑兵.txt
VRTM-444,F盘日本骑兵.txt
VRTM-450,E盘日本骑兵.txt
VRTM-453,E盘日本骑兵.txt
VRTM-458,E盘日本骑兵.txt
VRTM-463,E盘日本骑兵.txt
VRTM-469,E盘日本骑兵.txt
VRTM-480,E盘日本骑兵.txt
VRTM-486,E盘日本骑兵.txt
VRTM-493,E盘日本骑兵.txt
VRTM-498,E盘日本骑兵.txt
VRTM-513,E盘日本骑兵.txt
VRTM-519,E盘日本骑兵.txt
VSED-269,115网盘数据.txt
WAAA-026,F盘日本骑兵.txt
WAAA-029,E盘日本骑兵.txt
WAAA-033,F盘日本骑兵.txt
WAAA-049,F盘日本骑兵.txt
WAAA-068,E盘日本骑兵.txt
WAAA-080,E盘日本骑兵.txt
WAAA-106,F盘日本骑兵.txt
WAAA-115,"E盘日本骑兵.txt, F盘日本骑兵.txt"
WAAA-133,E盘日本骑兵.txt
WAAA-135,E盘日本骑兵.txt
WAAA-164,F盘日本骑兵.txt
WAAA-176,F盘日本骑兵.txt
WAAA-196,E盘日本骑兵.txt
WAAA-222,F盘日本骑兵.txt
WAAA-226,E盘日本骑兵.txt
WAAA-252,E盘日本骑兵.txt
WAAA-272,E盘日本骑兵.txt
WAAA-280,E盘日本骑兵.txt
WAAA-288,E盘日本骑兵.txt
WAAA-334,F盘日本骑兵.txt
WAAA-339,E盘日本骑兵.txt
WAAA-366,"E盘日本骑兵.txt, F盘日本骑兵.txt"
WAAA-371,F盘日本骑兵.txt
WAAA-374,E盘日本骑兵.txt
WAAA-386,F盘日本骑兵.txt
WAAA-388,F盘日本骑兵.txt
WAAA-395,F盘日本骑兵.txt
WAAA-407,F盘日本骑兵.txt
WAAA-413,F盘日本骑兵.txt
WAAA-415,F盘日本骑兵.txt
WAAA-428,F盘日本骑兵.txt
WAAA-440,F盘日本骑兵.txt
WAAA-461,F盘日本骑兵.txt
WAAA-462,F盘日本骑兵.txt
WAAA-470,F盘日本骑兵.txt
WAAA-474,F盘日本骑兵.txt
WAAA-476,F盘日本骑兵.txt
WAAA-501,F盘日本骑兵.txt
WAAA-516,F盘日本骑兵.txt
WAAA-518,F盘日本骑兵.txt
WAAA-528,F盘日本骑兵.txt
WAAA-540,F盘日本骑兵.txt
WAAA-542,F盘日本骑兵.txt
WAAA-546,F盘日本骑兵.txt
WAAA-552,F盘日本骑兵.txt
WAAA-557,115网盘数据.txt
WAAA-574,115网盘数据.txt
WAAA-575,115网盘数据.txt
WAAA-580,115网盘数据.txt
WAAA-597,115网盘数据.txt
WANZ-080,F盘日本骑兵.txt
WANZ-691,E盘日本骑兵.txt
WANZ-812,E盘日本骑兵.txt
WANZ-976,E盘日本骑兵.txt
WBW-012,F盘日本骑兵.txt
WFR-008,E盘日本骑兵.txt
WFR-011,E盘日本骑兵.txt
WFR-012,E盘日本骑兵.txt
WFR-013,E盘日本骑兵.txt
WFR-016,E盘日本骑兵.txt
WKD-052,E盘日本骑兵.txt
WO-019,E盘日本骑兵.txt
WO-020,115网盘数据.txt
WPSL-152,E盘日本骑兵.txt
WTFK-002,E盘日本骑兵.txt
WWMM-003,E盘日本骑兵.txt
WZEN-052,E盘日本骑兵.txt
WZEN-082,F盘日本骑兵.txt
XBS-001,E盘日本骑兵.txt
XMOM-044,E盘日本骑兵.txt
XMOM-89,F盘日本骑兵.txt
XRL-028,E盘日本骑兵.txt
XRW-341,F盘日本骑兵.txt
XRW-687,F盘日本骑兵.txt
XVSR-011,F盘日本骑兵.txt
XVSR-056,F盘日本骑兵.txt
XVSR-534,E盘日本骑兵.txt
XVSR-807,F盘日本骑兵.txt
XVSR-847,115网盘数据.txt
YAG-122,F盘日本骑兵.txt
YMDD-344,E盘日本骑兵.txt
YMDD-345,E盘日本骑兵.txt
YMDD-411,F盘日本骑兵.txt
YMDD-463,115网盘数据.txt
YMDD-464,115网盘数据.txt
YMYM-007,F盘日本骑兵.txt
YMYM-042,F盘日本骑兵.txt
YMYM-043,F盘日本骑兵.txt
YOCH-026,115网盘数据.txt
YSN-649,115网盘数据.txt
YST-254,E盘日本骑兵.txt
YST-325,F盘日本骑兵.txt
YST-333,F盘日本骑兵.txt
YUJ-006,E盘日本骑兵.txt
ZMAR-071,E盘日本骑兵.txt
ZMAR-104,E盘日本骑兵.txt
ZMEN-004,E盘日本骑兵.txt
ZMEN-017,F盘日本骑兵.txt
ZMEN-019,E盘日本骑兵.txt
ZMEN-024,E盘日本骑兵.txt
ZMEN-025,E盘日本骑兵.txt
ZMEN-026,E盘日本骑兵.txt
ZMEN-029,E盘日本骑兵.txt
ZMEN-036,E盘日本骑兵.txt
ZMEN-038,E盘日本骑兵.txt
ZMEN-044,E盘日本骑兵.txt
ZMEN-045,E盘日本骑兵.txt
ZMEN-047,E盘日本骑兵.txt
ZMEN-050,E盘日本骑兵.txt
ZMEN-052,E盘日本骑兵.txt
ZMEN-055,E盘日本骑兵.txt
ZMEN-057,E盘日本骑兵.txt
ZMEN-060,E盘日本骑兵.txt
ZMEN-063,E盘日本骑兵.txt
ZMEN-065,E盘日本骑兵.txt
ZMEN-066,E盘日本骑兵.txt
ZMEN-070,E盘日本骑兵.txt
ZMEN-072,E盘日本骑兵.txt
ZMEN-079,E盘日本骑兵.txt
ZMEN-080,E盘日本骑兵.txt
ZMEN-083,E盘日本骑兵.txt
ZMEN-085,E盘日本骑兵.txt
ZMIN-005,F盘日本骑兵.txt
ZOKU-008,115网盘数据.txt
ZOZO-195,F盘日本骑兵.txt
ZUKO-074,F盘日本骑兵.txt
